date,mslp,tmpf,counts12,counts13,counts23
2025-10-16 21:00:00+00:00,1014.0,82.0,5547.0,2465.0,5609.0
2025-10-16 22:00:00+00:00,1014.2,79.0,5653.0,2615.0,5937.0
2025-10-16 23:00:00+00:00,1014.5,74.0,5453.0,2463.0,5579.0
2025-10-17 00:00:00+00:00,1014.9,72.0,5479.0,2457.0,5705.0
2025-10-17 01:00:00+00:00,1015.3,70.0,5485.0,2518.0,5666.0
2025-10-17 02:00:00+00:00,1015.5,68.0,5472.0,2534.0,5739.0
2025-10-17 03:00:00+00:00,1015.8,68.0,5545.0,2466.0,5735.0
2025-10-17 04:00:00+00:00,1015.9,66.0,5436.0,2502.0,5718.0
2025-10-17 05:00:00+00:00,1015.9,63.0,5419.0,2460.0,5651.0
2025-10-17 06:00:00+00:00,1015.7,63.0,5434.0,2426.0,5576.0
2025-10-17 07:00:00+00:00,1015.7,62.0,5474.0,2387.0,5524.0
2025-10-17 08:00:00+00:00,1016.1,61.0,5395.0,2344.0,5362.0
2025-10-17 09:00:00+00:00,1016.6,60.0,5366.0,2391.0,5514.0
2025-10-17 10:00:00+00:00,1017.0,59.0,5433.0,2482.0,5474.0
2025-10-17 11:00:00+00:00,1017.6,59.0,5411.0,2477.0,5518.0
2025-10-17 12:00:00+00:00,1018.1,62.0,5522.0,2446.0,5535.0
2025-10-17 13:00:00+00:00,1018.7,67.0,5458.0,2443.0,5595.0
2025-10-17 14:00:00+00:00,1018.9,72.0,5561.0,2575.0,5726.0
2025-10-17 15:00:00+00:00,1018.6,75.0,5357.0,2399.0,5474.0
2025-10-17 16:00:00+00:00,1018.1,77.0,5464.0,2474.0,5608.0
2025-10-17 17:00:00+00:00,1017.2,79.0,5554.0,2544.0,5647.0
2025-10-17 18:00:00+00:00,1015.9,81.0,5451.0,2458.0,5599.0
2025-10-17 19:00:00+00:00,1015.2,81.0,5460.0,2490.0,5610.0
2025-10-17 20:00:00+00:00,1014.6,82.0,5438.0,2458.0,5639.0
2025-10-17 21:00:00+00:00,1014.7,80.0,5326.0,2439.0,5705.0
2025-10-17 22:00:00+00:00,1014.8,78.0,5519.0,2462.0,5655.0
2025-10-17 23:00:00+00:00,1014.9,74.0,5482.0,2503.0,5720.0
2025-10-18 00:00:00+00:00,1015.6,72.0,5518.0,2550.0,5705.0
2025-10-18 01:00:00+00:00,1016.2,70.0,5526.0,2509.0,5703.0
2025-10-18 02:00:00+00:00,1016.0,69.0,5437.0,2485.0,5605.0
2025-10-18 03:00:00+00:00,1016.0,67.0,5405.0,2452.0,5621.0
2025-10-18 04:00:00+00:00,1015.8,66.0,5417.0,2440.0,5663.0
2025-10-18 05:00:00+00:00,1015.8,65.0,5444.0,2451.0,5585.0
2025-10-18 06:00:00+00:00,1015.8,64.0,5405.0,2448.0,5606.0
2025-10-18 07:00:00+00:00,1015.7,64.0,5403.0,2453.0,5396.0
2025-10-18 08:00:00+00:00,1016.0,65.0,5420.0,2464.0,5530.0
2025-10-18 09:00:00+00:00,1016.5,63.0,5497.0,2462.0,5658.0
2025-10-18 10:00:00+00:00,1017.1,63.0,5444.0,2497.0,5647.0
2025-10-18 11:00:00+00:00,1017.7,61.0,5425.0,2493.0,5554.0
2025-10-18 12:00:00+00:00,1018.3,64.0,5522.0,2524.0,5618.0
2025-10-18 13:00:00+00:00,1018.7,65.0,5483.0,2455.0,5503.0
2025-10-18 14:00:00+00:00,1019.1,68.0,5393.0,2452.0,5528.0
2025-10-18 15:00:00+00:00,1018.8,73.0,5445.0,2425.0,5611.0
2025-10-18 16:00:00+00:00,1017.9,77.0,5384.0,2438.0,5577.0
2025-10-18 17:00:00+00:00,1017.1,77.0,5375.0,2379.0,5448.0
2025-10-18 18:00:00+00:00,1016.0,81.0,5550.0,2484.0,5575.0
2025-10-18 19:00:00+00:00,1015.1,80.0,5519.0,2493.0,5554.0
2025-10-18 20:00:00+00:00,1015.0,80.0,5420.0,2508.0,5661.0
2025-10-18 21:00:00+00:00,1014.7,80.0,5546.0,2519.0,5738.0
2025-10-18 22:00:00+00:00,1014.6,78.0,5401.0,2372.0,5472.0
2025-10-18 23:00:00+00:00,1014.5,75.0,5497.0,2451.0,5541.0
2025-10-19 00:00:00+00:00,1015.5,73.0,5554.0,2538.0,5702.0
2025-10-19 01:00:00+00:00,1016.1,71.0,5406.0,2433.0,5624.0
2025-10-19 02:00:00+00:00,1016.0,71.0,5477.0,2454.0,5611.0
2025-10-19 03:00:00+00:00,1015.1,70.0,5523.0,2535.0,5644.0
2025-10-19 04:00:00+00:00,1015.1,68.0,5493.0,2478.0,5608.0
2025-10-19 05:00:00+00:00,1014.3,68.0,5544.0,2460.0,5612.0
2025-10-19 06:00:00+00:00,1014.2,66.0,5501.0,2474.0,5615.0
2025-10-19 07:00:00+00:00,1013.3,65.0,5429.0,2516.0,5643.0
2025-10-19 08:00:00+00:00,1012.5,65.0,5485.0,2488.0,5603.0
2025-10-19 09:00:00+00:00,1011.8,64.0,5528.0,2529.0,5590.0
2025-10-19 10:00:00+00:00,1012.1,64.0,5374.0,2421.0,5516.0
2025-10-19 11:00:00+00:00,1014.2,62.0,5384.0,2442.0,5582.0
2025-10-19 12:00:00+00:00,1012.7,62.0,5520.0,2522.0,5572.0
2025-10-19 13:00:00+00:00,1012.8,62.0,5434.0,2489.0,5622.0
2025-10-19 14:00:00+00:00,1013.4,64.0,5288.0,2405.0,5581.0
2025-10-19 15:00:00+00:00,1013.3,68.0,5581.0,2488.0,5640.0
2025-10-19 16:00:00+00:00,1012.5,73.0,5408.0,2407.0,5593.0
2025-10-19 17:00:00+00:00,1012.1,72.0,5548.0,2464.0,5644.0
2025-10-19 18:00:00+00:00,1011.5,77.0,5363.0,2412.0,5566.0
2025-10-19 19:00:00+00:00,1011.4,78.0,5555.0,2519.0,5655.0
2025-10-19 20:00:00+00:00,1011.7,75.0,5543.0,2523.0,5661.0
2025-10-19 21:00:00+00:00,1012.5,76.0,5432.0,2465.0,5713.0
2025-10-19 22:00:00+00:00,1014.2,70.0,5439.0,2537.0,5578.0
2025-10-19 23:00:00+00:00,1015.7,66.0,5379.0,2373.0,5555.0
2025-10-20 00:00:00+00:00,1016.8,63.0,5404.0,2416.0,5573.0
2025-10-20 01:00:00+00:00,1018.1,61.0,5539.0,2554.0,5700.0
2025-10-20 02:00:00+00:00,1019.3,59.0,5475.0,2463.0,5528.0
2025-10-20 03:00:00+00:00,1019.8,57.0,5326.0,2410.0,5526.0
2025-10-20 04:00:00+00:00,1019.6,55.0,5503.0,2445.0,5528.0
2025-10-20 05:00:00+00:00,1019.7,55.0,5348.0,2459.0,5561.0
2025-10-20 06:00:00+00:00,1019.7,52.0,5354.0,2478.0,5705.0
2025-10-20 07:00:00+00:00,1019.7,53.0,5404.0,2428.0,5530.0
2025-10-20 08:00:00+00:00,1019.8,52.0,5306.0,2320.0,5501.0
2025-10-20 09:00:00+00:00,1020.4,52.0,5478.0,2475.0,5641.0
2025-10-20 10:00:00+00:00,1021.0,52.0,5539.0,2489.0,5563.0
2025-10-20 11:00:00+00:00,1021.6,50.0,5420.0,2462.0,5557.0
2025-10-20 12:00:00+00:00,1022.0,53.0,5289.0,2348.0,5368.0
2025-10-20 13:00:00+00:00,1022.6,58.0,5470.0,2513.0,5584.0
2025-10-20 14:00:00+00:00,1022.5,63.0,5609.0,2570.0,5722.0
2025-10-20 15:00:00+00:00,1022.8,66.0,5449.0,2444.0,5603.0
2025-10-20 16:00:00+00:00,1022.1,68.0,5364.0,2389.0,5450.0
2025-10-20 17:00:00+00:00,1021.1,69.0,5374.0,2389.0,5599.0
2025-10-20 18:00:00+00:00,1020.1,73.0,5404.0,2413.0,5619.0
2025-10-20 19:00:00+00:00,1019.5,75.0,5487.0,2493.0,5648.0
2025-10-20 20:00:00+00:00,1018.6,74.0,5402.0,2415.0,5645.0
2025-10-20 21:00:00+00:00,1017.9,73.0,5458.0,2434.0,5670.0
2025-10-20 22:00:00+00:00,1017.8,69.0,5389.0,2451.0,5609.0
2025-10-20 23:00:00+00:00,1018.3,66.0,5381.0,2474.0,5612.0
2025-10-21 00:00:00+00:00,1018.4,63.0,5340.0,2455.0,5556.0
2025-10-21 01:00:00+00:00,1018.6,61.0,5443.0,2497.0,5450.0
2025-10-21 02:00:00+00:00,1018.7,58.0,5431.0,2403.0,5595.0
2025-10-21 03:00:00+00:00,1018.6,58.0,5427.0,2424.0,5470.0
2025-10-21 04:00:00+00:00,1018.3,54.0,5435.0,2508.0,5667.0
2025-10-21 05:00:00+00:00,1018.3,56.0,5493.0,2435.0,5542.0
2025-10-21 06:00:00+00:00,1018.0,55.0,5567.0,2489.0,5608.0
2025-10-21 07:00:00+00:00,1018.1,54.0,5358.0,2455.0,5644.0
2025-10-21 08:00:00+00:00,1018.4,52.0,5490.0,2515.0,5646.0
2025-10-21 09:00:00+00:00,1018.7,50.0,5378.0,2464.0,5597.0
2025-10-21 10:00:00+00:00,1018.7,52.0,5470.0,2476.0,5476.0
2025-10-21 11:00:00+00:00,1018.5,50.0,5537.0,2520.0,5670.0
2025-10-21 12:00:00+00:00,1018.5,55.0,5479.0,2444.0,5511.0
2025-10-21 13:00:00+00:00,1018.2,61.0,5431.0,2452.0,5732.0
2025-10-21 14:00:00+00:00,1018.2,68.0,5452.0,2464.0,5686.0
2025-10-21 15:00:00+00:00,1017.6,73.0,5551.0,2507.0,5530.0
2025-10-21 16:00:00+00:00,1017.0,74.0,5438.0,2453.0,5655.0
2025-10-21 17:00:00+00:00,1015.4,77.0,5546.0,2479.0,5549.0
2025-10-21 18:00:00+00:00,1014.3,80.0,5454.0,2494.0,5700.0
2025-10-21 19:00:00+00:00,1014.0,77.0,5371.0,2441.0,5626.0
2025-10-21 20:00:00+00:00,1014.5,76.0,5557.0,2465.0,5607.0
2025-10-21 21:00:00+00:00,1014.6,73.0,5546.0,2482.0,5617.0
2025-10-21 22:00:00+00:00,1014.2,71.0,5375.0,2459.0,5635.0
2025-10-21 23:00:00+00:00,1014.9,70.0,5611.0,2490.0,5605.0
2025-10-22 00:00:00+00:00,1015.4,69.0,5506.0,2473.0,5706.0
2025-10-22 01:00:00+00:00,1015.6,68.0,5440.0,2464.0,5581.0
2025-10-22 02:00:00+00:00,1016.2,64.0,5454.0,2454.0,5586.0
2025-10-22 03:00:00+00:00,1016.2,61.0,5477.0,2503.0,5682.0
2025-10-22 04:00:00+00:00,1016.4,60.0,5435.0,2441.0,5634.0
2025-10-22 05:00:00+00:00,1016.5,59.0,5572.0,2486.0,5535.0
2025-10-22 06:00:00+00:00,1016.5,57.0,5516.0,2473.0,5708.0
2025-10-22 07:00:00+00:00,1016.3,56.0,5620.0,2501.0,5653.0
2025-10-22 08:00:00+00:00,1016.3,55.0,5524.0,2463.0,5560.0
2025-10-22 09:00:00+00:00,1016.7,55.0,5577.0,2499.0,5698.0
2025-10-22 10:00:00+00:00,1017.2,53.0,5389.0,2401.0,5510.0
2025-10-22 11:00:00+00:00,1017.7,53.0,5396.0,2419.0,5602.0
2025-10-22 12:00:00+00:00,1018.4,56.0,5377.0,2469.0,5627.0
2025-10-22 13:00:00+00:00,1019.2,59.0,5619.0,2543.0,5675.0
2025-10-22 14:00:00+00:00,1019.8,64.0,5413.0,2433.0,5613.0
2025-10-22 15:00:00+00:00,1019.9,67.0,5541.0,2501.0,5739.0
2025-10-22 16:00:00+00:00,1019.4,69.0,5448.0,2482.0,5691.0
2025-10-22 17:00:00+00:00,1018.5,71.0,5444.0,2485.0,5590.0
2025-10-22 18:00:00+00:00,1017.8,73.0,5492.0,2511.0,5586.0
2025-10-22 19:00:00+00:00,1017.3,74.0,5553.0,2435.0,5611.0
2025-10-22 20:00:00+00:00,1017.1,73.0,5369.0,2396.0,5576.0
2025-10-22 21:00:00+00:00,1017.2,71.0,5517.0,2498.0,5590.0
2025-10-22 22:00:00+00:00,1017.7,66.0,5391.0,2437.0,5603.0
2025-10-22 23:00:00+00:00,1018.3,63.0,5448.0,2440.0,5536.0
2025-10-23 00:00:00+00:00,1018.7,61.0,5475.0,2417.0,5575.0
2025-10-23 01:00:00+00:00,1018.7,58.0,5452.0,2492.0,5622.0
2025-10-23 02:00:00+00:00,1018.9,57.0,5571.0,2566.0,5810.0
2025-10-23 03:00:00+00:00,1019.1,55.0,5479.0,2438.0,5634.0
2025-10-23 04:00:00+00:00,1019.1,54.0,5521.0,2426.0,5684.0
2025-10-23 05:00:00+00:00,1018.9,53.0,5613.0,2536.0,5637.0
2025-10-23 06:00:00+00:00,1019.3,51.0,5541.0,2479.0,5641.0
2025-10-23 07:00:00+00:00,1019.4,50.0,5499.0,2492.0,5639.0
2025-10-23 08:00:00+00:00,1019.8,50.0,5405.0,2413.0,5525.0
2025-10-23 09:00:00+00:00,1020.3,49.0,5444.0,2351.0,5604.0
2025-10-23 10:00:00+00:00,1020.9,49.0,5388.0,2401.0,5569.0
2025-10-23 11:00:00+00:00,1021.6,47.0,5371.0,2356.0,5473.0
2025-10-23 12:00:00+00:00,1022.5,53.0,5528.0,2527.0,5723.0
2025-10-23 13:00:00+00:00,1023.0,60.0,5479.0,2476.0,5648.0
2025-10-23 14:00:00+00:00,1023.2,66.0,5575.0,2528.0,5582.0
2025-10-23 15:00:00+00:00,1023.1,71.0,5495.0,2465.0,5615.0
2025-10-23 16:00:00+00:00,1022.6,72.0,5553.0,2462.0,5644.0
2025-10-23 17:00:00+00:00,1021.5,74.0,5608.0,2470.0,5620.0
2025-10-23 18:00:00+00:00,1020.4,75.0,5454.0,2473.0,5688.0
2025-10-23 19:00:00+00:00,1019.9,77.0,5555.0,2480.0,5688.0
2025-10-23 20:00:00+00:00,1019.5,76.0,5605.0,2549.0,5645.0
2025-10-23 21:00:00+00:00,1019.6,75.0,5518.0,2434.0,5559.0
2025-10-23 22:00:00+00:00,1019.8,70.0,5563.0,2460.0,5675.0
2025-10-23 23:00:00+00:00,1020.3,67.0,5598.0,2541.0,5686.0
2025-10-24 00:00:00+00:00,1020.6,65.0,5318.0,2417.0,5603.0
2025-10-24 01:00:00+00:00,1020.9,63.0,5440.0,2416.0,5512.0
2025-10-24 02:00:00+00:00,1021.0,61.0,5577.0,2532.0,5592.0
2025-10-24 03:00:00+00:00,1020.8,60.0,5442.0,2443.0,5498.0
2025-10-24 04:00:00+00:00,1020.7,60.0,5631.0,2567.0,5651.0
2025-10-24 05:00:00+00:00,1020.6,59.0,5490.0,2472.0,5534.0
2025-10-24 06:00:00+00:00,1021.0,56.0,5473.0,2486.0,5610.0
2025-10-24 07:00:00+00:00,1021.3,55.0,5299.0,2477.0,5618.0
2025-10-24 08:00:00+00:00,1021.3,53.0,5341.0,2387.0,5498.0
2025-10-24 09:00:00+00:00,1022.0,53.0,5507.0,2473.0,5601.0
2025-10-24 10:00:00+00:00,1022.7,53.0,5543.0,2493.0,5636.0
2025-10-24 11:00:00+00:00,1023.6,52.0,5272.0,2397.0,5550.0
2025-10-24 12:00:00+00:00,1024.3,55.0,5398.0,2444.0,5501.0
2025-10-24 13:00:00+00:00,1024.7,59.0,5390.0,2469.0,5587.0
2025-10-24 14:00:00+00:00,1024.8,65.0,5366.0,2450.0,5685.0
2025-10-24 15:00:00+00:00,1024.6,68.0,5467.0,2407.0,5515.0
2025-10-24 16:00:00+00:00,1024.1,72.0,5563.0,2473.0,5607.0
2025-10-24 17:00:00+00:00,1023.7,74.0,5430.0,2507.0,5612.0
2025-10-24 18:00:00+00:00,1022.8,75.0,5519.0,2520.0,5642.0
2025-10-24 19:00:00+00:00,1022.4,76.0,5430.0,2490.0,5602.0
2025-10-24 20:00:00+00:00,1022.4,74.0,5409.0,2468.0,5574.0
2025-10-24 21:00:00+00:00,1022.4,71.0,5482.0,2529.0,5718.0
2025-10-24 22:00:00+00:00,1022.6,67.0,5468.0,2523.0,5644.0
2025-10-24 23:00:00+00:00,1022.7,66.0,5613.0,2514.0,5693.0
2025-10-25 00:00:00+00:00,1023.0,63.0,5494.0,2422.0,5528.0
2025-10-25 01:00:00+00:00,1023.3,60.0,5513.0,2426.0,5574.0
2025-10-25 02:00:00+00:00,1023.8,59.0,5380.0,2443.0,5526.0
2025-10-25 03:00:00+00:00,1023.6,55.0,5386.0,2427.0,5546.0
2025-10-25 04:00:00+00:00,1023.5,56.0,5395.0,2515.0,5642.0
2025-10-25 05:00:00+00:00,1023.4,55.0,5460.0,2549.0,5618.0
2025-10-25 06:00:00+00:00,1023.5,55.0,5474.0,2464.0,5597.0
2025-10-25 07:00:00+00:00,1023.8,52.0,5374.0,2409.0,5518.0
2025-10-25 08:00:00+00:00,1024.3,51.0,5412.0,2426.0,5527.0
2025-10-25 09:00:00+00:00,1024.8,50.0,5469.0,2421.0,5469.0
2025-10-25 10:00:00+00:00,1025.8,48.0,5424.0,2411.0,5577.0
2025-10-25 11:00:00+00:00,1026.1,49.0,5444.0,2485.0,5593.0
2025-10-25 12:00:00+00:00,1026.5,52.0,5417.0,2474.0,5633.0
2025-10-25 13:00:00+00:00,1026.7,57.0,5487.0,2546.0,5756.0
2025-10-25 14:00:00+00:00,1027.1,62.0,5421.0,2441.0,5521.0
2025-10-25 15:00:00+00:00,1027.2,66.0,5446.0,2473.0,5478.0
2025-10-25 16:00:00+00:00,1026.6,68.0,5522.0,2400.0,5589.0
2025-10-25 17:00:00+00:00,1025.9,69.0,5538.0,2439.0,5524.0
2025-10-25 18:00:00+00:00,1024.8,72.0,5489.0,2447.0,5656.0
2025-10-25 19:00:00+00:00,1024.2,71.0,5581.0,2467.0,5528.0
2025-10-25 20:00:00+00:00,1023.5,70.0,5519.0,2519.0,5599.0
2025-10-25 21:00:00+00:00,1023.6,68.0,5541.0,2478.0,5611.0
2025-10-25 22:00:00+00:00,1023.8,66.0,5438.0,2406.0,5558.0
2025-10-25 23:00:00+00:00,1024.5,64.0,5404.0,2426.0,5611.0
2025-10-26 00:00:00+00:00,1024.8,62.0,5573.0,2446.0,5487.0
2025-10-26 01:00:00+00:00,1025.1,61.0,5490.0,2479.0,5638.0
2025-10-26 02:00:00+00:00,1025.1,59.0,5445.0,2476.0,5561.0
2025-10-26 03:00:00+00:00,1025.0,59.0,5387.0,2442.0,5646.0
2025-10-26 04:00:00+00:00,1025.0,59.0,5436.0,2464.0,5546.0
2025-10-26 05:00:00+00:00,1024.5,58.0,5459.0,2444.0,5500.0
2025-10-26 06:00:00+00:00,1023.5,57.0,5406.0,2466.0,5599.0
2025-10-26 07:00:00+00:00,1023.2,57.0,5414.0,2464.0,5641.0
2025-10-26 08:00:00+00:00,1022.9,56.0,5521.0,2432.0,5619.0
2025-10-26 09:00:00+00:00,1023.6,55.0,5511.0,2494.0,5583.0
2025-10-26 10:00:00+00:00,1024.0,55.0,5644.0,2530.0,5694.0
2025-10-26 11:00:00+00:00,1024.4,55.0,5487.0,2502.0,5673.0
2025-10-26 12:00:00+00:00,1024.4,56.0,5434.0,2477.0,5567.0
2025-10-26 13:00:00+00:00,1025.1,57.0,5593.0,2499.0,5647.0
2025-10-26 14:00:00+00:00,1024.7,60.0,5508.0,2476.0,5745.0
2025-10-26 15:00:00+00:00,1024.6,63.0,5609.0,2548.0,5716.0
2025-10-26 16:00:00+00:00,1024.0,62.0,5649.0,2528.0,5756.0
2025-10-26 17:00:00+00:00,1023.5,60.0,5553.0,2518.0,5733.0
2025-10-26 18:00:00+00:00,1023.7,58.0,5447.0,2520.0,5662.0
2025-10-26 19:00:00+00:00,1022.4,60.0,5382.0,2439.0,5609.0
2025-10-26 20:00:00+00:00,1022.7,57.0,5636.0,2574.0,5720.0
2025-10-26 21:00:00+00:00,1021.4,54.0,5566.0,2556.0,5734.0
2025-10-26 22:00:00+00:00,1021.3,54.0,5520.0,2581.0,5832.0
2025-10-26 23:00:00+00:00,1020.8,54.0,5600.0,2496.0,5771.0
2025-10-27 00:00:00+00:00,1021.1,54.0,5513.0,2526.0,5570.0
2025-10-27 01:00:00+00:00,1021.0,54.0,5632.0,2575.0,5735.0
2025-10-27 02:00:00+00:00,1020.8,53.0,5433.0,2432.0,5621.0
2025-10-27 03:00:00+00:00,1020.5,53.0,5622.0,2558.0,5720.0
2025-10-27 04:00:00+00:00,,,5454.0,2431.0,5619.0
2025-10-27 05:00:00+00:00,1018.9,52.0,5494.0,2477.0,5610.0
2025-10-27 06:00:00+00:00,1018.5,51.0,5497.0,2518.0,5718.0
2025-10-27 07:00:00+00:00,1017.9,50.0,5592.0,2461.0,5619.0
2025-10-27 08:00:00+00:00,1017.7,50.0,5541.0,2476.0,5490.0
2025-10-27 09:00:00+00:00,1018.1,51.0,5607.0,2534.0,5808.0
2025-10-27 10:00:00+00:00,1017.4,50.0,5473.0,2448.0,5604.0
2025-10-27 11:00:00+00:00,1017.1,51.0,5516.0,2503.0,5654.0
2025-10-27 12:00:00+00:00,1016.9,51.0,5575.0,2487.0,5658.0
2025-10-27 13:00:00+00:00,1018.0,51.0,5561.0,2501.0,5700.0
2025-10-27 14:00:00+00:00,1017.7,51.0,5476.0,2440.0,5646.0
2025-10-27 15:00:00+00:00,1017.7,51.0,5584.0,2492.0,5670.0
2025-10-27 16:00:00+00:00,1017.1,52.0,5637.0,2547.0,5790.0
2025-10-27 17:00:00+00:00,1016.0,53.0,5701.0,2538.0,5770.0
2025-10-27 18:00:00+00:00,1015.2,53.0,5738.0,2563.0,5793.0
2025-10-27 19:00:00+00:00,1014.7,53.0,5653.0,2599.0,5736.0
2025-10-27 20:00:00+00:00,1014.8,52.0,5633.0,2504.0,5607.0
2025-10-27 21:00:00+00:00,1014.7,52.0,5605.0,2590.0,5712.0
2025-10-27 22:00:00+00:00,1014.4,52.0,5585.0,2571.0,5721.0
2025-10-27 23:00:00+00:00,1014.6,52.0,5670.0,2586.0,5722.0
2025-10-28 00:00:00+00:00,1015.1,53.0,5516.0,2546.0,5755.0
2025-10-28 01:00:00+00:00,1015.3,52.0,5561.0,2527.0,5682.0
2025-10-28 02:00:00+00:00,1015.3,52.0,5609.0,2472.0,5674.0
2025-10-28 03:00:00+00:00,1015.2,51.0,5510.0,2505.0,5677.0
2025-10-28 04:00:00+00:00,1015.0,51.0,5428.0,2489.0,5509.0
2025-10-28 05:00:00+00:00,1014.6,51.0,5510.0,2489.0,5638.0
2025-10-28 06:00:00+00:00,1014.4,51.0,5466.0,2447.0,5544.0
2025-10-28 07:00:00+00:00,1014.7,51.0,5394.0,2439.0,5504.0
2025-10-28 08:00:00+00:00,1014.6,51.0,5468.0,2478.0,5554.0
2025-10-28 09:00:00+00:00,1014.5,52.0,5446.0,2462.0,5693.0
2025-10-28 10:00:00+00:00,1015.3,52.0,5541.0,2473.0,5645.0
2025-10-28 11:00:00+00:00,1015.6,52.0,5426.0,2477.0,5449.0
2025-10-28 12:00:00+00:00,1016.4,51.0,5385.0,2449.0,5624.0
2025-10-28 13:00:00+00:00,1016.5,52.0,5537.0,2522.0,5534.0
2025-10-28 14:00:00+00:00,1017.2,52.0,5378.0,2385.0,5611.0
2025-10-28 15:00:00+00:00,1017.4,52.0,5447.0,2398.0,5496.0
2025-10-28 16:00:00+00:00,1017.1,53.0,5604.0,2517.0,5615.0
2025-10-28 17:00:00+00:00,1016.1,54.0,5588.0,2506.0,5679.0
2025-10-28 18:00:00+00:00,1016.2,54.0,5414.0,2511.0,5606.0
2025-10-28 19:00:00+00:00,1015.7,54.0,5456.0,2460.0,5488.0
2025-10-28 20:00:00+00:00,1015.9,54.0,5457.0,2487.0,5631.0
2025-10-28 21:00:00+00:00,1016.0,53.0,5443.0,2454.0,5526.0
2025-10-28 22:00:00+00:00,1016.1,52.0,5491.0,2468.0,5633.0
2025-10-28 23:00:00+00:00,1016.6,51.0,5638.0,2569.0,5636.0
2025-10-29 00:00:00+00:00,1016.7,51.0,5486.0,2496.0,5616.0
2025-10-29 01:00:00+00:00,1017.0,50.0,5519.0,2471.0,5541.0
2025-10-29 02:00:00+00:00,1016.8,50.0,5500.0,2408.0,5490.0
2025-10-29 03:00:00+00:00,1016.7,50.0,5514.0,2533.0,5612.0
2025-10-29 04:00:00+00:00,1015.8,50.0,5563.0,2458.0,5552.0
2025-10-29 05:00:00+00:00,1015.3,50.0,5436.0,2437.0,5585.0
2025-10-29 06:00:00+00:00,1014.2,50.0,5533.0,2501.0,5583.0
2025-10-29 07:00:00+00:00,1014.1,50.0,5457.0,2442.0,5627.0
2025-10-29 08:00:00+00:00,1013.1,49.0,5398.0,2477.0,5495.0
2025-10-29 09:00:00+00:00,1013.0,49.0,5480.0,2442.0,5567.0
2025-10-29 10:00:00+00:00,1012.3,49.0,5399.0,2436.0,5589.0
2025-10-29 11:00:00+00:00,1011.7,49.0,5450.0,2408.0,5456.0
2025-10-29 12:00:00+00:00,1011.1,49.0,5353.0,2413.0,5504.0
2025-10-29 13:00:00+00:00,1010.3,50.0,5423.0,2489.0,5670.0
2025-10-29 14:00:00+00:00,1009.2,50.0,5448.0,2506.0,5674.0
2025-10-29 15:00:00+00:00,1008.8,50.0,5347.0,2432.0,5591.0
2025-10-29 16:00:00+00:00,1008.4,51.0,5478.0,2464.0,5595.0
2025-10-29 17:00:00+00:00,1007.2,51.0,5546.0,2480.0,5525.0
2025-10-29 18:00:00+00:00,1005.9,52.0,5482.0,2494.0,5591.0
2025-10-29 19:00:00+00:00,1005.6,52.0,5542.0,2578.0,5773.0
2025-10-29 20:00:00+00:00,1006.1,52.0,5422.0,2339.0,5528.0
2025-10-29 21:00:00+00:00,1006.6,54.0,5456.0,2439.0,5563.0
2025-10-29 22:00:00+00:00,1006.8,53.0,5369.0,2449.0,5609.0
2025-10-29 23:00:00+00:00,1007.6,51.0,5412.0,2422.0,5555.0
2025-10-30 00:00:00+00:00,1008.3,49.0,5423.0,2465.0,5631.0
2025-10-30 01:00:00+00:00,1008.7,48.0,5354.0,2454.0,5525.0
2025-10-30 02:00:00+00:00,1008.7,48.0,5264.0,2395.0,5540.0
2025-10-30 03:00:00+00:00,1008.6,47.0,5372.0,2450.0,5512.0
2025-10-30 04:00:00+00:00,1008.0,47.0,5466.0,2481.0,5615.0
2025-10-30 05:00:00+00:00,1007.8,48.0,5287.0,2419.0,5478.0
2025-10-30 06:00:00+00:00,1007.5,48.0,5427.0,2491.0,5663.0
2025-10-30 07:00:00+00:00,1007.3,48.0,5409.0,2435.0,5419.0
2025-10-30 08:00:00+00:00,1007.0,48.0,5462.0,2512.0,5551.0
2025-10-30 09:00:00+00:00,1007.3,48.0,5206.0,2340.0,5541.0
2025-10-30 10:00:00+00:00,1007.9,48.0,5351.0,2411.0,5431.0
2025-10-30 11:00:00+00:00,1008.4,48.0,5254.0,2369.0,5411.0
2025-10-30 12:00:00+00:00,1008.8,49.0,5380.0,2481.0,5583.0
2025-10-30 13:00:00+00:00,1009.7,50.0,5421.0,2495.0,5517.0
2025-10-30 14:00:00+00:00,1009.8,52.0,5423.0,2529.0,5591.0
2025-10-30 15:00:00+00:00,1010.0,54.0,5351.0,2372.0,5394.0
2025-10-30 16:00:00+00:00,1010.0,53.0,5370.0,2469.0,5555.0
2025-10-30 17:00:00+00:00,1009.5,55.0,5274.0,2419.0,5560.0
2025-10-30 18:00:00+00:00,1009.3,55.0,5265.0,2434.0,5455.0
2025-10-30 19:00:00+00:00,1009.2,57.0,5359.0,2449.0,5598.0
2025-10-30 20:00:00+00:00,1010.1,56.0,5370.0,2409.0,5428.0
2025-10-30 21:00:00+00:00,1010.6,54.0,5227.0,2395.0,5417.0
2025-10-30 22:00:00+00:00,1011.3,53.0,5326.0,2446.0,5525.0
2025-10-30 23:00:00+00:00,1012.2,52.0,5432.0,2465.0,5529.0
2025-10-31 00:00:00+00:00,1012.8,52.0,5397.0,2477.0,5483.0
2025-10-31 01:00:00+00:00,1013.3,52.0,5435.0,2519.0,5613.0
2025-10-31 02:00:00+00:00,1013.8,52.0,5277.0,2369.0,5377.0
2025-10-31 03:00:00+00:00,1014.0,51.0,5311.0,2400.0,5480.0
2025-10-31 04:00:00+00:00,1013.9,48.0,5284.0,2444.0,5393.0
2025-10-31 05:00:00+00:00,1013.6,47.0,5248.0,2426.0,5507.0
2025-10-31 06:00:00+00:00,1013.5,46.0,5169.0,2334.0,5369.0
2025-10-31 07:00:00+00:00,1013.9,45.0,5269.0,2416.0,5369.0
2025-10-31 08:00:00+00:00,1014.0,45.0,5318.0,2425.0,5529.0
2025-10-31 09:00:00+00:00,1014.5,44.0,5380.0,2452.0,5570.0
2025-10-31 10:00:00+00:00,1015.0,44.0,5324.0,2420.0,5561.0
2025-10-31 11:00:00+00:00,1015.5,43.0,5278.0,2453.0,5568.0
2025-10-31 12:00:00+00:00,1016.2,46.0,5291.0,2440.0,5466.0
2025-10-31 13:00:00+00:00,1017.0,50.0,5203.0,2324.0,5395.0
2025-10-31 14:00:00+00:00,1017.4,54.0,5300.0,2414.0,5447.0
2025-10-31 15:00:00+00:00,1017.5,58.0,5171.0,2350.0,5404.0
2025-10-31 16:00:00+00:00,1017.1,61.0,5403.0,2403.0,5443.0
2025-10-31 17:00:00+00:00,1016.1,63.0,5241.0,2390.0,5305.0
2025-10-31 18:00:00+00:00,1015.4,64.0,5211.0,2399.0,5492.0
2025-10-31 19:00:00+00:00,1015.2,65.0,5297.0,2445.0,5537.0
2025-10-31 20:00:00+00:00,1015.6,64.0,5200.0,2312.0,5474.0
2025-10-31 21:00:00+00:00,1016.2,62.0,5354.0,2419.0,5483.0
2025-10-31 22:00:00+00:00,1016.6,58.0,5290.0,2380.0,5443.0
2025-10-31 23:00:00+00:00,1017.1,54.0,5249.0,2434.0,5396.0
2025-11-01 00:00:00+00:00,1017.7,53.0,5167.0,2321.0,5179.0
2025-11-01 01:00:00+00:00,1018.2,52.0,5078.0,2283.0,5258.0
2025-11-01 02:00:00+00:00,1018.7,50.0,5186.0,2374.0,5275.0
2025-11-01 03:00:00+00:00,1018.8,49.0,5185.0,2337.0,5351.0
2025-11-01 04:00:00+00:00,1018.7,48.0,5197.0,2372.0,5499.0
2025-11-01 05:00:00+00:00,1018.5,47.0,5170.0,2382.0,5304.0
2025-11-01 06:00:00+00:00,1018.5,46.0,5314.0,2419.0,5479.0
2025-11-01 07:00:00+00:00,1018.3,44.0,5297.0,2359.0,5463.0
2025-11-01 08:00:00+00:00,1018.4,44.0,5221.0,2395.0,5389.0
2025-11-01 09:00:00+00:00,1018.9,43.0,5281.0,2367.0,5465.0
2025-11-01 10:00:00+00:00,1019.6,42.0,5276.0,2345.0,5327.0
2025-11-01 11:00:00+00:00,1020.1,42.0,5371.0,2389.0,5463.0
2025-11-01 12:00:00+00:00,1021.0,46.0,5198.0,2351.0,5477.0
2025-11-01 13:00:00+00:00,1021.7,51.0,5270.0,2344.0,5400.0
2025-11-01 14:00:00+00:00,1021.9,57.0,5149.0,2346.0,5375.0
2025-11-01 15:00:00+00:00,1021.8,61.0,5193.0,2390.0,5400.0
2025-11-01 16:00:00+00:00,1020.9,63.0,5310.0,2416.0,5590.0
2025-11-01 17:00:00+00:00,1020.2,64.0,5307.0,2387.0,5344.0
2025-11-01 18:00:00+00:00,1019.1,66.0,5353.0,2448.0,5454.0
2025-11-01 19:00:00+00:00,1018.6,67.0,5284.0,2448.0,5452.0
2025-11-01 20:00:00+00:00,1018.7,65.0,5178.0,2415.0,5492.0
2025-11-01 21:00:00+00:00,1019.1,63.0,5254.0,2410.0,5513.0
2025-11-01 22:00:00+00:00,1019.5,60.0,5314.0,2396.0,5435.0
2025-11-01 23:00:00+00:00,1019.9,58.0,5213.0,2386.0,5369.0
2025-11-02 00:00:00+00:00,1020.6,56.0,5279.0,2439.0,5513.0
2025-11-02 01:00:00+00:00,1020.7,55.0,5235.0,2395.0,5340.0
2025-11-02 02:00:00+00:00,1020.3,54.0,5187.0,2378.0,5388.0
2025-11-02 03:00:00+00:00,1020.3,53.0,5286.0,2436.0,5516.0
2025-11-02 04:00:00+00:00,1020.6,51.0,5303.0,2459.0,5466.0
2025-11-02 05:00:00+00:00,1020.1,50.0,5292.0,2437.0,5545.0
2025-11-02 06:00:00+00:00,1019.9,50.0,5280.0,2388.0,5439.0
2025-11-02 07:00:00+00:00,1019.9,49.0,5163.0,2369.0,5320.0
2025-11-02 08:00:00+00:00,1019.7,49.0,5303.0,2431.0,5449.0
2025-11-02 09:00:00+00:00,1019.7,48.0,5240.0,2382.0,5435.0
2025-11-02 10:00:00+00:00,1020.1,48.0,5269.0,2351.0,5334.0
2025-11-02 11:00:00+00:00,1020.2,48.0,5123.0,2277.0,5321.0
2025-11-02 12:00:00+00:00,1021.2,50.0,5291.0,2453.0,5527.0
2025-11-02 13:00:00+00:00,1021.5,52.0,5200.0,2343.0,5334.0
2025-11-02 14:00:00+00:00,1021.8,55.0,5317.0,2380.0,5444.0
2025-11-02 15:00:00+00:00,1021.5,61.0,5299.0,2445.0,5572.0
2025-11-02 16:00:00+00:00,1021.2,63.0,5303.0,2454.0,5462.0
2025-11-02 17:00:00+00:00,1019.6,65.0,5306.0,2370.0,5425.0
2025-11-02 18:00:00+00:00,1018.8,65.0,5218.0,2423.0,5435.0
2025-11-02 19:00:00+00:00,1018.9,64.0,5313.0,2468.0,5557.0
2025-11-02 20:00:00+00:00,1018.6,63.0,5252.0,2391.0,5448.0
2025-11-02 21:00:00+00:00,1019.8,54.0,5302.0,2441.0,5457.0
2025-11-02 22:00:00+00:00,1021.0,52.0,5321.0,2446.0,5400.0
2025-11-02 23:00:00+00:00,1021.6,50.0,5225.0,2439.0,5513.0
2025-11-03 00:00:00+00:00,1021.8,50.0,5193.0,2346.0,5326.0
2025-11-03 01:00:00+00:00,1022.2,49.0,5131.0,2274.0,5289.0
2025-11-03 02:00:00+00:00,1022.6,49.0,5289.0,2382.0,5444.0
2025-11-03 03:00:00+00:00,1022.2,49.0,5160.0,2336.0,5252.0
2025-11-03 04:00:00+00:00,1022.0,47.0,5212.0,2338.0,5363.0
2025-11-03 05:00:00+00:00,1021.6,46.0,5169.0,2363.0,5365.0
2025-11-03 06:00:00+00:00,1021.7,46.0,5291.0,2426.0,5391.0
2025-11-03 07:00:00+00:00,1022.2,46.0,5234.0,2354.0,5380.0
2025-11-03 08:00:00+00:00,1022.2,45.0,5184.0,2340.0,5414.0
2025-11-03 09:00:00+00:00,1022.8,45.0,5223.0,2347.0,5387.0
2025-11-03 10:00:00+00:00,1023.4,45.0,5177.0,2365.0,5283.0
2025-11-03 11:00:00+00:00,1024.4,45.0,5290.0,2391.0,5443.0
2025-11-03 12:00:00+00:00,1025.1,46.0,5300.0,2444.0,5425.0
2025-11-03 13:00:00+00:00,1026.0,47.0,5167.0,2325.0,5358.0
2025-11-03 14:00:00+00:00,1026.3,48.0,5189.0,2355.0,5313.0
2025-11-03 15:00:00+00:00,1026.0,52.0,5120.0,2337.0,5267.0
2025-11-03 16:00:00+00:00,1026.0,56.0,5172.0,2371.0,5293.0
2025-11-03 17:00:00+00:00,1025.3,58.0,5196.0,2429.0,5415.0
2025-11-03 18:00:00+00:00,1024.5,61.0,5193.0,2298.0,5274.0
2025-11-03 19:00:00+00:00,1024.2,62.0,5195.0,2329.0,5330.0
2025-11-03 20:00:00+00:00,1023.8,62.0,5110.0,2334.0,5276.0
2025-11-03 21:00:00+00:00,1024.1,61.0,5158.0,2318.0,5330.0
2025-11-03 22:00:00+00:00,1024.4,57.0,5232.0,2441.0,5507.0
2025-11-03 23:00:00+00:00,1025.0,55.0,5269.0,2413.0,5359.0
2025-11-04 00:00:00+00:00,1025.4,53.0,5170.0,2350.0,5351.0
2025-11-04 01:00:00+00:00,1025.4,51.0,4978.0,2294.0,5346.0
2025-11-04 02:00:00+00:00,1025.8,50.0,5129.0,2308.0,5239.0
2025-11-04 03:00:00+00:00,1026.2,48.0,5224.0,2393.0,5364.0
2025-11-04 04:00:00+00:00,1026.0,48.0,5152.0,2437.0,5385.0
2025-11-04 05:00:00+00:00,1026.1,48.0,5035.0,2289.0,5293.0
2025-11-04 06:00:00+00:00,1025.9,48.0,5048.0,2292.0,5241.0
2025-11-04 07:00:00+00:00,1026.1,47.0,5215.0,2366.0,5373.0
2025-11-04 08:00:00+00:00,1026.3,47.0,5278.0,2440.0,5389.0
2025-11-04 09:00:00+00:00,1026.8,46.0,5021.0,2270.0,5323.0
2025-11-04 10:00:00+00:00,1027.1,45.0,5255.0,2444.0,5498.0
2025-11-04 11:00:00+00:00,1027.6,45.0,5149.0,2386.0,5274.0
2025-11-04 12:00:00+00:00,1028.3,48.0,5223.0,2400.0,5428.0
2025-11-04 13:00:00+00:00,1028.9,54.0,5120.0,2337.0,5280.0
2025-11-04 14:00:00+00:00,1029.1,59.0,5108.0,2263.0,5110.0
2025-11-04 15:00:00+00:00,1029.1,64.0,5275.0,2453.0,5387.0
2025-11-04 16:00:00+00:00,1028.3,66.0,5106.0,2328.0,5238.0
2025-11-04 17:00:00+00:00,1027.4,68.0,5086.0,2345.0,5293.0
2025-11-04 18:00:00+00:00,1026.5,69.0,5128.0,2285.0,5288.0
2025-11-04 19:00:00+00:00,1025.9,70.0,5154.0,2370.0,5266.0
2025-11-04 20:00:00+00:00,1025.7,70.0,5098.0,2401.0,5316.0
2025-11-04 21:00:00+00:00,1026.0,69.0,4938.0,2202.0,5100.0
2025-11-04 22:00:00+00:00,1026.1,65.0,5086.0,2332.0,5365.0
2025-11-04 23:00:00+00:00,1026.4,61.0,5168.0,2413.0,5451.0
2025-11-05 00:00:00+00:00,1026.7,59.0,5170.0,2348.0,5311.0
2025-11-05 01:00:00+00:00,1026.6,57.0,5074.0,2284.0,5217.0
2025-11-05 02:00:00+00:00,1026.3,56.0,5000.0,2345.0,5270.0
2025-11-05 03:00:00+00:00,1026.1,55.0,5135.0,2455.0,5309.0
2025-11-05 04:00:00+00:00,1025.6,55.0,5085.0,2357.0,5341.0
2025-11-05 05:00:00+00:00,1025.3,53.0,5046.0,2323.0,5300.0
2025-11-05 06:00:00+00:00,1024.9,52.0,5127.0,2339.0,5316.0
2025-11-05 07:00:00+00:00,1024.5,52.0,5204.0,2358.0,5369.0
2025-11-05 08:00:00+00:00,1024.5,50.0,5144.0,2383.0,5447.0
2025-11-05 09:00:00+00:00,1024.5,49.0,5131.0,2392.0,5461.0
2025-11-05 10:00:00+00:00,1025.1,48.0,5165.0,2394.0,5332.0
2025-11-05 11:00:00+00:00,1025.3,49.0,5071.0,2348.0,5261.0
2025-11-05 12:00:00+00:00,1025.7,50.0,5196.0,2397.0,5336.0
2025-11-05 13:00:00+00:00,1026.1,57.0,5204.0,2299.0,5378.0
2025-11-05 14:00:00+00:00,1025.7,64.0,5077.0,2316.0,5277.0
2025-11-05 15:00:00+00:00,1025.2,67.0,5170.0,2340.0,5261.0
2025-11-05 16:00:00+00:00,1024.5,73.0,5202.0,2340.0,5244.0
2025-11-05 17:00:00+00:00,1023.1,73.0,5093.0,2294.0,5207.0
2025-11-05 18:00:00+00:00,1022.0,75.0,5147.0,2279.0,5195.0
2025-11-05 19:00:00+00:00,1021.3,75.0,5133.0,2373.0,5388.0
2025-11-05 20:00:00+00:00,1020.8,75.0,5123.0,2346.0,5294.0
2025-11-05 21:00:00+00:00,1020.7,74.0,5052.0,2300.0,5223.0
2025-11-05 22:00:00+00:00,1020.5,68.0,5059.0,2292.0,5110.0
2025-11-05 23:00:00+00:00,1020.9,66.0,5119.0,2308.0,5218.0
2025-11-06 00:00:00+00:00,1020.7,63.0,5062.0,2284.0,5256.0
2025-11-06 01:00:00+00:00,1021.1,62.0,5034.0,2317.0,5221.0
2025-11-06 02:00:00+00:00,1021.5,59.0,5168.0,2432.0,5402.0
2025-11-06 03:00:00+00:00,1021.4,58.0,5042.0,2348.0,5273.0
2025-11-06 04:00:00+00:00,1021.0,57.0,5164.0,2399.0,5349.0
2025-11-06 05:00:00+00:00,1020.8,57.0,5281.0,2436.0,5309.0
2025-11-06 06:00:00+00:00,1020.5,54.0,5098.0,2335.0,5354.0
2025-11-06 07:00:00+00:00,1019.9,56.0,5063.0,2303.0,5234.0
2025-11-06 08:00:00+00:00,1019.4,55.0,5132.0,2403.0,5311.0
2025-11-06 09:00:00+00:00,1019.6,53.0,5144.0,2381.0,5266.0
2025-11-06 10:00:00+00:00,1020.2,52.0,5152.0,2331.0,5369.0
2025-11-06 11:00:00+00:00,1020.5,53.0,5205.0,2401.0,5327.0
2025-11-06 12:00:00+00:00,1020.7,54.0,5073.0,2364.0,5291.0
2025-11-06 13:00:00+00:00,1021.3,60.0,5133.0,2307.0,5298.0
2025-11-06 14:00:00+00:00,1021.7,64.0,5088.0,2342.0,5245.0
2025-11-06 15:00:00+00:00,1021.6,70.0,5180.0,2366.0,5285.0
2025-11-06 16:00:00+00:00,1020.9,73.0,5273.0,2440.0,5366.0
2025-11-06 17:00:00+00:00,1019.8,75.0,5147.0,2328.0,5337.0
2025-11-06 18:00:00+00:00,1018.9,76.0,5133.0,2346.0,5327.0
2025-11-06 19:00:00+00:00,1018.2,75.0,5048.0,2307.0,5294.0
2025-11-06 20:00:00+00:00,1017.9,77.0,5117.0,2420.0,5418.0
2025-11-06 21:00:00+00:00,1018.0,74.0,5137.0,2390.0,5392.0
2025-11-06 22:00:00+00:00,1018.1,70.0,5153.0,2401.0,5354.0
2025-11-06 23:00:00+00:00,1018.3,67.0,5161.0,2404.0,5365.0
2025-11-07 00:00:00+00:00,1018.4,65.0,5202.0,2394.0,5249.0
2025-11-07 01:00:00+00:00,1018.1,64.0,5070.0,2325.0,5127.0
2025-11-07 02:00:00+00:00,1017.9,62.0,5118.0,2364.0,5303.0
2025-11-07 03:00:00+00:00,1017.4,60.0,5040.0,2245.0,5207.0
2025-11-07 04:00:00+00:00,1017.1,59.0,5295.0,2424.0,5286.0
2025-11-07 05:00:00+00:00,1016.6,59.0,5052.0,2372.0,5289.0
2025-11-07 06:00:00+00:00,1016.6,57.0,5071.0,2360.0,5344.0
2025-11-07 07:00:00+00:00,1016.5,55.0,4931.0,2282.0,5035.0
2025-11-07 08:00:00+00:00,1016.2,55.0,5032.0,2320.0,5292.0
2025-11-07 09:00:00+00:00,1016.5,54.0,5074.0,2352.0,5228.0
2025-11-07 10:00:00+00:00,1016.5,53.0,4926.0,2286.0,5242.0
2025-11-07 11:00:00+00:00,1016.7,51.0,4990.0,2300.0,5260.0
2025-11-07 12:00:00+00:00,1016.9,53.0,5032.0,2317.0,5209.0
2025-11-07 13:00:00+00:00,1016.8,56.0,5002.0,2260.0,5150.0
2025-11-07 14:00:00+00:00,1016.3,64.0,4980.0,2238.0,5043.0
2025-11-07 15:00:00+00:00,1016.1,65.0,4939.0,2284.0,5170.0
2025-11-07 16:00:00+00:00,1015.0,66.0,4992.0,2235.0,5039.0
2025-11-07 17:00:00+00:00,1013.4,70.0,5035.0,2261.0,5154.0
2025-11-07 18:00:00+00:00,1012.1,72.0,5248.0,2381.0,5326.0
2025-11-07 19:00:00+00:00,1011.9,71.0,5129.0,2393.0,5296.0
2025-11-07 20:00:00+00:00,1011.4,69.0,5107.0,2314.0,5174.0
2025-11-07 21:00:00+00:00,1011.0,69.0,5108.0,2353.0,5329.0
2025-11-07 22:00:00+00:00,1010.9,68.0,4969.0,2243.0,5182.0
2025-11-07 23:00:00+00:00,1011.2,66.0,5094.0,2316.0,5201.0
2025-11-08 00:00:00+00:00,1011.0,65.0,5117.0,2329.0,5262.0
2025-11-08 01:00:00+00:00,1011.4,64.0,5038.0,2277.0,5192.0
2025-11-08 02:00:00+00:00,1010.4,63.0,5108.0,2284.0,5181.0
2025-11-08 03:00:00+00:00,1010.8,64.0,4977.0,2279.0,5207.0
2025-11-08 04:00:00+00:00,1010.3,64.0,5068.0,2331.0,5302.0
2025-11-08 05:00:00+00:00,1009.9,65.0,5036.0,2338.0,5320.0
2025-11-08 06:00:00+00:00,1009.6,66.0,5142.0,2411.0,5307.0
2025-11-08 07:00:00+00:00,1009.5,66.0,4910.0,2216.0,5220.0
2025-11-08 08:00:00+00:00,1009.3,65.0,5121.0,2343.0,5164.0
2025-11-08 09:00:00+00:00,1009.7,65.0,5006.0,2273.0,5243.0
2025-11-08 10:00:00+00:00,1010.5,65.0,4978.0,2262.0,5162.0
2025-11-08 11:00:00+00:00,1010.7,64.0,4983.0,2295.0,5204.0
2025-11-08 12:00:00+00:00,1010.9,64.0,5042.0,2284.0,5071.0
2025-11-08 13:00:00+00:00,1011.2,66.0,4952.0,2285.0,5180.0
2025-11-08 14:00:00+00:00,1011.6,68.0,4989.0,2280.0,5199.0
2025-11-08 15:00:00+00:00,1011.3,71.0,5021.0,2247.0,5135.0
2025-11-08 16:00:00+00:00,1010.9,74.0,5037.0,2299.0,5134.0
2025-11-08 17:00:00+00:00,1009.8,77.0,4978.0,2284.0,5234.0
2025-11-08 18:00:00+00:00,1009.0,77.0,4978.0,2276.0,5198.0
2025-11-08 19:00:00+00:00,1008.3,78.0,4921.0,2291.0,5247.0
2025-11-08 20:00:00+00:00,1008.9,65.0,5036.0,2319.0,5215.0
2025-11-08 21:00:00+00:00,1009.0,68.0,5038.0,2311.0,5192.0
2025-11-08 22:00:00+00:00,1009.0,67.0,5086.0,2431.0,5368.0
2025-11-08 23:00:00+00:00,1009.6,66.0,4875.0,2262.0,5274.0
2025-11-09 00:00:00+00:00,1010.0,66.0,4988.0,2314.0,5215.0
2025-11-09 01:00:00+00:00,1010.1,66.0,4974.0,2346.0,5187.0
2025-11-09 02:00:00+00:00,1010.4,67.0,4949.0,2268.0,5211.0
2025-11-09 03:00:00+00:00,1010.5,66.0,4978.0,2295.0,5241.0
2025-11-09 04:00:00+00:00,1010.5,64.0,5138.0,2290.0,5230.0
2025-11-09 05:00:00+00:00,1010.4,64.0,5011.0,2264.0,5163.0
2025-11-09 06:00:00+00:00,1010.3,65.0,4960.0,2241.0,5143.0
2025-11-09 07:00:00+00:00,1010.1,65.0,5027.0,2305.0,5232.0
2025-11-09 08:00:00+00:00,1010.8,65.0,5060.0,2335.0,5249.0
2025-11-09 09:00:00+00:00,1010.8,64.0,4949.0,2264.0,5118.0
2025-11-09 10:00:00+00:00,1010.9,64.0,5067.0,2299.0,5169.0
2025-11-09 11:00:00+00:00,1011.4,64.0,5062.0,2376.0,5212.0
2025-11-09 12:00:00+00:00,1011.8,63.0,4952.0,2307.0,5220.0
2025-11-09 13:00:00+00:00,1012.3,64.0,5012.0,2288.0,5158.0
2025-11-09 14:00:00+00:00,1012.5,66.0,5076.0,2314.0,5259.0
2025-11-09 15:00:00+00:00,1012.4,69.0,4954.0,2277.0,5278.0
2025-11-09 16:00:00+00:00,1012.0,71.0,5031.0,2290.0,5106.0
2025-11-09 17:00:00+00:00,1010.9,70.0,5022.0,2286.0,5242.0
2025-11-09 18:00:00+00:00,1010.8,73.0,5054.0,2319.0,5257.0
2025-11-09 19:00:00+00:00,1011.5,70.0,5016.0,2346.0,5232.0
2025-11-09 20:00:00+00:00,1012.4,67.0,5105.0,2338.0,5273.0
2025-11-09 21:00:00+00:00,1013.4,63.0,5041.0,2316.0,5231.0
2025-11-09 22:00:00+00:00,1014.1,59.0,5112.0,2346.0,5293.0
2025-11-09 23:00:00+00:00,1015.6,53.0,5023.0,2295.0,5127.0
2025-11-10 00:00:00+00:00,1016.9,49.0,5133.0,2365.0,5270.0
2025-11-10 01:00:00+00:00,1017.6,48.0,5054.0,2390.0,5352.0
2025-11-10 02:00:00+00:00,1018.1,47.0,5145.0,2397.0,5272.0
2025-11-10 03:00:00+00:00,1017.9,45.0,5165.0,2365.0,5215.0
2025-11-10 04:00:00+00:00,1017.8,45.0,5231.0,2361.0,5418.0
2025-11-10 05:00:00+00:00,1018.0,43.0,5229.0,2404.0,5437.0
2025-11-10 06:00:00+00:00,1017.6,42.0,5220.0,2447.0,5457.0
2025-11-10 07:00:00+00:00,1018.0,40.0,5119.0,2334.0,5274.0
2025-11-10 08:00:00+00:00,1018.1,39.0,5274.0,2412.0,5420.0
2025-11-10 09:00:00+00:00,1018.3,38.0,5238.0,2444.0,5410.0
2025-11-10 10:00:00+00:00,1018.9,36.0,5214.0,2398.0,5310.0
2025-11-10 11:00:00+00:00,1019.7,35.0,5237.0,2413.0,5396.0
2025-11-10 12:00:00+00:00,1020.5,35.0,5248.0,2412.0,5489.0
2025-11-10 13:00:00+00:00,1021.0,36.0,5263.0,2392.0,5404.0
2025-11-10 14:00:00+00:00,1021.6,38.0,5296.0,2404.0,5426.0
2025-11-10 15:00:00+00:00,1021.4,40.0,5283.0,2383.0,5463.0
2025-11-10 16:00:00+00:00,1021.2,42.0,5212.0,2349.0,5344.0
2025-11-10 17:00:00+00:00,1020.2,41.0,5264.0,2445.0,5525.0
2025-11-10 18:00:00+00:00,1020.9,39.0,5214.0,2404.0,5349.0
2025-11-10 19:00:00+00:00,1021.7,38.0,5266.0,2399.0,5307.0
2025-11-10 20:00:00+00:00,1022.7,37.0,5320.0,2418.0,5520.0
2025-11-10 21:00:00+00:00,1023.8,35.0,5187.0,2302.0,5270.0
2025-11-10 22:00:00+00:00,1024.5,34.0,5211.0,2343.0,5432.0
2025-11-10 23:00:00+00:00,1025.1,33.0,5236.0,2424.0,5370.0
2025-11-11 00:00:00+00:00,1025.8,33.0,5349.0,2408.0,5508.0
2025-11-11 01:00:00+00:00,1026.1,34.0,5296.0,2457.0,5569.0
2025-11-11 02:00:00+00:00,1026.4,34.0,5103.0,2297.0,5291.0
2025-11-11 03:00:00+00:00,1026.6,34.0,5278.0,2382.0,5467.0
2025-11-11 04:00:00+00:00,1026.8,33.0,5347.0,2438.0,5404.0
2025-11-11 05:00:00+00:00,1026.8,32.0,5439.0,2481.0,5594.0
2025-11-11 06:00:00+00:00,1026.6,32.0,5181.0,2395.0,5363.0
2025-11-11 07:00:00+00:00,1027.0,30.0,5345.0,2437.0,5519.0
2025-11-11 08:00:00+00:00,1027.6,29.0,5146.0,2275.0,5350.0
2025-11-11 09:00:00+00:00,1028.3,28.0,5210.0,2362.0,5396.0
2025-11-11 10:00:00+00:00,1028.9,29.0,5274.0,2369.0,5519.0
2025-11-11 11:00:00+00:00,1029.5,28.0,5429.0,2479.0,5508.0
2025-11-11 12:00:00+00:00,1030.1,30.0,5231.0,2378.0,5361.0
2025-11-11 13:00:00+00:00,1031.1,34.0,5263.0,2440.0,5436.0
2025-11-11 14:00:00+00:00,1031.7,38.0,5289.0,2422.0,5422.0
2025-11-11 15:00:00+00:00,1031.0,40.0,5200.0,2453.0,5473.0
2025-11-11 16:00:00+00:00,1030.3,43.0,5335.0,2440.0,5426.0
2025-11-11 17:00:00+00:00,1029.0,46.0,5176.0,2382.0,5366.0
2025-11-11 18:00:00+00:00,1027.5,47.0,5222.0,2321.0,5341.0
2025-11-11 19:00:00+00:00,1026.8,49.0,5288.0,2456.0,5405.0
2025-11-11 20:00:00+00:00,1026.1,49.0,5264.0,2436.0,5452.0
2025-11-11 21:00:00+00:00,1025.5,48.0,5215.0,2386.0,5425.0
2025-11-11 22:00:00+00:00,1025.2,46.0,5151.0,2317.0,5332.0
2025-11-11 23:00:00+00:00,1025.0,44.0,5258.0,2402.0,5299.0
2025-11-12 00:00:00+00:00,1025.3,42.0,5245.0,2338.0,5162.0
2025-11-12 01:00:00+00:00,1025.1,41.0,5218.0,2298.0,5271.0
2025-11-12 02:00:00+00:00,1024.6,41.0,5160.0,2371.0,5191.0
2025-11-12 03:00:00+00:00,1024.4,41.0,5260.0,2431.0,5339.0
2025-11-12 04:00:00+00:00,1024.1,40.0,5189.0,2380.0,5251.0
2025-11-12 05:00:00+00:00,1023.9,39.0,5269.0,2436.0,5422.0
2025-11-12 06:00:00+00:00,1023.9,39.0,5212.0,2376.0,5293.0
2025-11-12 07:00:00+00:00,1024.2,38.0,5053.0,2336.0,5259.0
2025-11-12 08:00:00+00:00,1025.1,38.0,4984.0,2238.0,5170.0
2025-11-12 09:00:00+00:00,1024.9,37.0,5114.0,2318.0,5301.0
2025-11-12 10:00:00+00:00,1024.6,40.0,5081.0,2307.0,5292.0
2025-11-12 11:00:00+00:00,1024.5,42.0,5156.0,2301.0,5316.0
2025-11-12 12:00:00+00:00,1024.7,43.0,5185.0,2389.0,5321.0
2025-11-12 13:00:00+00:00,1024.7,49.0,5198.0,2332.0,5386.0
2025-11-12 14:00:00+00:00,1024.5,52.0,5215.0,2337.0,5313.0
2025-11-12 15:00:00+00:00,1023.8,57.0,5350.0,2515.0,5512.0
2025-11-12 16:00:00+00:00,1022.6,62.0,5334.0,2426.0,5441.0
2025-11-12 17:00:00+00:00,1021.6,66.0,5243.0,2423.0,5521.0
2025-11-12 18:00:00+00:00,1021.2,66.0,5232.0,2337.0,5253.0
2025-11-12 19:00:00+00:00,1021.0,68.0,5086.0,2332.0,5269.0
2025-11-12 20:00:00+00:00,1020.7,67.0,5149.0,2310.0,5251.0
2025-11-12 21:00:00+00:00,1020.8,66.0,5199.0,2438.0,5435.0
2025-11-12 22:00:00+00:00,1021.0,61.0,5166.0,2399.0,5473.0
2025-11-12 23:00:00+00:00,1021.5,59.0,5016.0,2322.0,5329.0
2025-11-13 00:00:00+00:00,1021.8,59.0,5064.0,2309.0,5172.0
2025-11-13 01:00:00+00:00,1022.1,56.0,5071.0,2265.0,5110.0
2025-11-13 02:00:00+00:00,1022.6,55.0,4943.0,2301.0,5218.0
2025-11-13 03:00:00+00:00,1022.8,54.0,5032.0,2301.0,5218.0
2025-11-13 04:00:00+00:00,1022.6,53.0,5011.0,2311.0,5158.0
2025-11-13 05:00:00+00:00,1022.5,51.0,5022.0,2284.0,5188.0
2025-11-13 06:00:00+00:00,1022.5,50.0,5083.0,2337.0,5232.0
2025-11-13 07:00:00+00:00,1022.7,49.0,5052.0,2305.0,5284.0
2025-11-13 08:00:00+00:00,1022.4,48.0,5231.0,2354.0,5265.0
2025-11-13 09:00:00+00:00,1022.6,47.0,5056.0,2369.0,5212.0
2025-11-13 10:00:00+00:00,1023.0,47.0,5064.0,2283.0,5178.0
2025-11-13 11:00:00+00:00,1023.3,45.0,5032.0,2285.0,5154.0
2025-11-13 12:00:00+00:00,1023.7,49.0,5052.0,2347.0,5356.0
2025-11-13 13:00:00+00:00,1024.2,53.0,5162.0,2361.0,5288.0
2025-11-13 14:00:00+00:00,1024.3,58.0,5071.0,2295.0,5277.0
2025-11-13 15:00:00+00:00,1024.2,64.0,5030.0,2313.0,5284.0
2025-11-13 16:00:00+00:00,1023.7,67.0,5130.0,2356.0,5370.0
2025-11-13 17:00:00+00:00,1022.9,69.0,5241.0,2440.0,5330.0
2025-11-13 18:00:00+00:00,1022.1,70.0,5136.0,2254.0,5181.0
2025-11-13 19:00:00+00:00,1022.1,70.0,5121.0,2310.0,5238.0
2025-11-13 20:00:00+00:00,1022.1,70.0,5216.0,2354.0,5354.0
2025-11-13 21:00:00+00:00,1022.2,67.0,5084.0,2309.0,5266.0
2025-11-13 22:00:00+00:00,1022.7,63.0,5170.0,2284.0,5264.0
2025-11-13 23:00:00+00:00,1022.9,61.0,5274.0,2407.0,5402.0
2025-11-14 00:00:00+00:00,1022.9,63.0,5108.0,2339.0,5320.0
2025-11-14 01:00:00+00:00,1022.8,59.0,5266.0,2389.0,5365.0
2025-11-14 02:00:00+00:00,1022.9,57.0,5084.0,2332.0,5177.0
2025-11-14 03:00:00+00:00,1023.0,56.0,5238.0,2469.0,5391.0
2025-11-14 04:00:00+00:00,1023.0,52.0,5139.0,2270.0,5295.0
2025-11-14 05:00:00+00:00,1022.6,52.0,5140.0,2239.0,5210.0
2025-11-14 06:00:00+00:00,1022.5,50.0,5206.0,2329.0,5327.0
2025-11-14 07:00:00+00:00,1022.5,49.0,5272.0,2367.0,5319.0
2025-11-14 08:00:00+00:00,1022.6,47.0,5170.0,2335.0,5239.0
2025-11-14 09:00:00+00:00,1022.7,48.0,5200.0,2326.0,5381.0
2025-11-14 10:00:00+00:00,1022.9,47.0,5269.0,2441.0,5356.0
2025-11-14 11:00:00+00:00,1023.3,47.0,5211.0,2409.0,5339.0
2025-11-14 12:00:00+00:00,1024.0,49.0,5164.0,2385.0,5363.0
2025-11-14 13:00:00+00:00,1024.7,56.0,5230.0,2349.0,5297.0
2025-11-14 14:00:00+00:00,1025.1,62.0,5203.0,2417.0,5430.0
2025-11-14 15:00:00+00:00,1024.8,66.0,5180.0,2313.0,5362.0
2025-11-14 16:00:00+00:00,1024.2,69.0,5306.0,2475.0,5483.0
2025-11-14 17:00:00+00:00,1023.0,71.0,5197.0,2452.0,5407.0
2025-11-14 18:00:00+00:00,1022.1,72.0,5258.0,2423.0,5421.0
2025-11-14 19:00:00+00:00,1021.4,74.0,5267.0,2413.0,5410.0
2025-11-14 20:00:00+00:00,1021.1,73.0,5223.0,2388.0,5326.0
2025-11-14 21:00:00+00:00,1020.6,72.0,5349.0,2462.0,5491.0
2025-11-14 22:00:00+00:00,1020.5,66.0,5216.0,2420.0,5312.0
2025-11-14 23:00:00+00:00,1020.7,63.0,5183.0,2362.0,5485.0
2025-11-15 00:00:00+00:00,1020.5,62.0,5364.0,2439.0,5437.0
2025-11-15 01:00:00+00:00,1020.6,59.0,5251.0,2381.0,5431.0
2025-11-15 02:00:00+00:00,1020.6,57.0,5153.0,2305.0,5245.0
2025-11-15 03:00:00+00:00,1020.0,56.0,5207.0,2334.0,5288.0
2025-11-15 04:00:00+00:00,1019.8,55.0,5183.0,2388.0,5440.0
2025-11-15 05:00:00+00:00,1019.3,55.0,5130.0,2338.0,5431.0
2025-11-15 06:00:00+00:00,1019.1,54.0,5233.0,2396.0,5301.0
2025-11-15 07:00:00+00:00,1019.1,52.0,5244.0,2383.0,5376.0
2025-11-15 08:00:00+00:00,1019.0,50.0,5204.0,2391.0,5372.0
2025-11-15 09:00:00+00:00,1018.7,50.0,5289.0,2365.0,5415.0
2025-11-15 10:00:00+00:00,1019.2,50.0,5175.0,2323.0,5346.0
2025-11-15 11:00:00+00:00,1019.0,49.0,5198.0,2313.0,5292.0
2025-11-15 12:00:00+00:00,1019.1,50.0,5205.0,2407.0,5415.0
2025-11-15 13:00:00+00:00,1019.1,58.0,5132.0,2292.0,5272.0
2025-11-15 14:00:00+00:00,1018.8,64.0,5152.0,2318.0,5379.0
2025-11-15 15:00:00+00:00,1018.0,69.0,5142.0,2302.0,5288.0
2025-11-15 16:00:00+00:00,1016.8,73.0,5247.0,2439.0,5423.0
2025-11-15 17:00:00+00:00,1015.4,74.0,5137.0,2366.0,5320.0
2025-11-15 18:00:00+00:00,1014.1,74.0,5292.0,2420.0,5429.0
2025-11-15 19:00:00+00:00,1013.3,75.0,5304.0,2382.0,5385.0
2025-11-15 20:00:00+00:00,1012.5,73.0,5164.0,2444.0,5419.0
2025-11-15 21:00:00+00:00,1012.1,72.0,5248.0,2395.0,5452.0
2025-11-15 22:00:00+00:00,1012.1,69.0,5265.0,2373.0,5452.0
2025-11-15 23:00:00+00:00,1012.4,65.0,5225.0,2387.0,5439.0
2025-11-16 00:00:00+00:00,1011.9,65.0,5281.0,2349.0,5452.0
2025-11-16 01:00:00+00:00,1011.5,63.0,5274.0,2441.0,5517.0
2025-11-16 02:00:00+00:00,1011.1,63.0,5341.0,2407.0,5498.0
2025-11-16 03:00:00+00:00,1010.2,62.0,5331.0,2405.0,5341.0
2025-11-16 04:00:00+00:00,1010.0,63.0,5349.0,2429.0,5439.0
2025-11-16 05:00:00+00:00,1010.3,62.0,5431.0,2468.0,5523.0
2025-11-16 06:00:00+00:00,1010.4,58.0,5283.0,2342.0,5250.0
2025-11-16 07:00:00+00:00,1010.0,58.0,5294.0,2418.0,5449.0
2025-11-16 08:00:00+00:00,1009.3,58.0,5187.0,2431.0,5506.0
2025-11-16 09:00:00+00:00,1008.8,57.0,5206.0,2398.0,5422.0
2025-11-16 10:00:00+00:00,1008.7,57.0,5163.0,2372.0,5408.0
2025-11-16 11:00:00+00:00,1009.2,58.0,5289.0,2549.0,5597.0
2025-11-16 12:00:00+00:00,1009.4,59.0,5329.0,2440.0,5487.0
2025-11-16 13:00:00+00:00,1009.9,62.0,5260.0,2402.0,5490.0
2025-11-16 14:00:00+00:00,1009.9,67.0,5217.0,2357.0,5404.0
2025-11-16 15:00:00+00:00,1010.3,69.0,5318.0,2496.0,5479.0
2025-11-16 16:00:00+00:00,1009.6,72.0,5201.0,2354.0,5451.0
2025-11-16 17:00:00+00:00,1008.9,75.0,5270.0,2376.0,5375.0
2025-11-16 18:00:00+00:00,1008.4,74.0,5285.0,2448.0,5507.0
2025-11-16 19:00:00+00:00,1008.1,76.0,5264.0,2465.0,5467.0
2025-11-16 20:00:00+00:00,1008.0,75.0,5218.0,2337.0,5392.0
2025-11-16 21:00:00+00:00,1008.7,74.0,5301.0,2444.0,5477.0
2025-11-16 22:00:00+00:00,1009.6,69.0,5288.0,2454.0,5481.0
2025-11-16 23:00:00+00:00,1010.7,67.0,5266.0,2393.0,5368.0
2025-11-17 00:00:00+00:00,1011.5,64.0,5259.0,2384.0,5347.0
2025-11-17 01:00:00+00:00,1011.9,62.0,5278.0,2400.0,5417.0
2025-11-17 02:00:00+00:00,1012.4,60.0,5255.0,2373.0,5373.0
2025-11-17 03:00:00+00:00,1013.1,57.0,5374.0,2412.0,5438.0
2025-11-17 04:00:00+00:00,1013.2,55.0,5201.0,2334.0,5335.0
2025-11-17 05:00:00+00:00,1013.6,53.0,5278.0,2392.0,5433.0
2025-11-17 06:00:00+00:00,1013.8,51.0,5072.0,2267.0,5317.0
2025-11-17 07:00:00+00:00,1014.2,50.0,5226.0,2343.0,5347.0
2025-11-17 08:00:00+00:00,1014.5,49.0,5310.0,2401.0,5469.0
2025-11-17 09:00:00+00:00,1014.9,48.0,5163.0,2311.0,5386.0
2025-11-17 10:00:00+00:00,1015.3,49.0,5215.0,2435.0,5519.0
2025-11-17 11:00:00+00:00,1015.8,47.0,5413.0,2494.0,5449.0
2025-11-17 12:00:00+00:00,1017.0,48.0,5258.0,2429.0,5552.0
2025-11-17 13:00:00+00:00,1017.9,52.0,5192.0,2386.0,5420.0
2025-11-17 14:00:00+00:00,1018.3,57.0,5307.0,2381.0,5349.0
2025-11-17 15:00:00+00:00,1018.6,62.0,5166.0,2432.0,5512.0
2025-11-17 16:00:00+00:00,1018.3,65.0,5323.0,2440.0,5373.0
2025-11-17 17:00:00+00:00,1017.3,67.0,5213.0,2372.0,5432.0
2025-11-17 18:00:00+00:00,1016.5,67.0,5329.0,2402.0,5327.0
2025-11-17 19:00:00+00:00,1016.4,69.0,5306.0,2443.0,5534.0
2025-11-17 20:00:00+00:00,1016.8,67.0,5306.0,2440.0,5520.0
2025-11-17 21:00:00+00:00,1016.8,65.0,5474.0,2473.0,5515.0
2025-11-17 22:00:00+00:00,1017.5,60.0,5174.0,2411.0,5417.0
2025-11-17 23:00:00+00:00,1018.0,57.0,5236.0,2420.0,5462.0
2025-11-18 00:00:00+00:00,1018.4,56.0,5292.0,2416.0,5461.0
2025-11-18 01:00:00+00:00,1018.8,53.0,5280.0,2379.0,5435.0
2025-11-18 02:00:00+00:00,1018.9,53.0,5329.0,2391.0,5281.0
2025-11-18 03:00:00+00:00,1019.4,52.0,5293.0,2431.0,5452.0
2025-11-18 04:00:00+00:00,1019.2,50.0,5152.0,2343.0,5373.0
2025-11-18 05:00:00+00:00,1019.4,49.0,5253.0,2359.0,5261.0
2025-11-18 06:00:00+00:00,1019.9,46.0,5379.0,2447.0,5395.0
2025-11-18 07:00:00+00:00,1020.1,45.0,5244.0,2331.0,5394.0
2025-11-18 08:00:00+00:00,1020.2,46.0,5278.0,2409.0,5447.0
2025-11-18 09:00:00+00:00,1020.4,44.0,5212.0,2378.0,5331.0
2025-11-18 10:00:00+00:00,1021.0,45.0,5336.0,2345.0,5285.0
2025-11-18 11:00:00+00:00,1021.5,47.0,5258.0,2439.0,5388.0
2025-11-18 12:00:00+00:00,1022.0,47.0,5269.0,2382.0,5355.0
2025-11-18 13:00:00+00:00,1022.6,55.0,5283.0,2438.0,5455.0
2025-11-18 14:00:00+00:00,1022.9,60.0,5320.0,2376.0,5368.0
2025-11-18 15:00:00+00:00,1022.2,64.0,5278.0,2370.0,5395.0
2025-11-18 16:00:00+00:00,1021.7,69.0,5256.0,2356.0,5303.0
2025-11-18 17:00:00+00:00,1020.7,71.0,5243.0,2382.0,5350.0
2025-11-18 18:00:00+00:00,1019.8,73.0,5216.0,2369.0,5422.0
2025-11-18 19:00:00+00:00,1019.5,73.0,5298.0,2406.0,5408.0
2025-11-18 20:00:00+00:00,1018.9,74.0,5299.0,2460.0,5443.0
2025-11-18 21:00:00+00:00,1019.1,73.0,5310.0,2426.0,5416.0
2025-11-18 22:00:00+00:00,1019.3,68.0,5315.0,2411.0,5473.0
2025-11-18 23:00:00+00:00,1019.6,66.0,5146.0,2339.0,5255.0
2025-11-19 00:00:00+00:00,1020.1,65.0,5301.0,2417.0,5528.0
2025-11-19 01:00:00+00:00,1020.1,62.0,5214.0,2332.0,5303.0
2025-11-19 02:00:00+00:00,1020.1,61.0,5330.0,2455.0,5530.0
2025-11-19 03:00:00+00:00,1020.4,60.0,5194.0,2386.0,5385.0
2025-11-19 04:00:00+00:00,1020.4,59.0,5186.0,2381.0,5365.0
2025-11-19 05:00:00+00:00,1019.8,61.0,5436.0,2444.0,5530.0
2025-11-19 06:00:00+00:00,1019.1,62.0,5187.0,2296.0,5314.0
2025-11-19 07:00:00+00:00,1018.9,61.0,5201.0,2316.0,5277.0
2025-11-19 08:00:00+00:00,1018.9,59.0,5174.0,2324.0,5337.0
2025-11-19 09:00:00+00:00,1019.1,59.0,5179.0,2380.0,5393.0
2025-11-19 10:00:00+00:00,1019.7,60.0,5207.0,2336.0,5330.0
2025-11-19 11:00:00+00:00,1020.2,61.0,5285.0,2419.0,5461.0
2025-11-19 12:00:00+00:00,1020.8,63.0,5037.0,2311.0,5268.0
2025-11-19 13:00:00+00:00,1021.1,67.0,5235.0,2397.0,5350.0
2025-11-19 14:00:00+00:00,1021.9,67.0,5116.0,2247.0,5186.0
2025-11-19 15:00:00+00:00,1021.7,72.0,5149.0,2360.0,5372.0
2025-11-19 16:00:00+00:00,1021.3,74.0,5241.0,2346.0,5338.0
2025-11-19 17:00:00+00:00,1020.5,75.0,5093.0,2334.0,5278.0
2025-11-19 18:00:00+00:00,1020.1,73.0,5160.0,2356.0,5409.0
2025-11-19 19:00:00+00:00,1020.1,74.0,5266.0,2416.0,5392.0
2025-11-19 20:00:00+00:00,1020.1,74.0,5218.0,2420.0,5358.0
2025-11-19 21:00:00+00:00,1020.2,73.0,5189.0,2308.0,5234.0
2025-11-19 22:00:00+00:00,1020.7,70.0,5076.0,2351.0,5328.0
2025-11-19 23:00:00+00:00,1020.8,68.0,5124.0,2359.5,5346.0
2025-11-20 00:00:00+00:00,1020.9,67.0,5172.0,2368.0,5364.0
2025-11-20 01:00:00+00:00,1021.0,66.0,5252.0,2391.0,5360.0
2025-11-20 02:00:00+00:00,1021.4,66.0,5083.0,2313.0,5300.0
2025-11-20 03:00:00+00:00,1021.3,64.0,5034.0,2314.0,5380.0
2025-11-20 04:00:00+00:00,1021.3,64.0,5257.0,2386.0,5320.0
2025-11-20 05:00:00+00:00,1021.0,64.0,5130.0,2301.0,5277.0
2025-11-20 06:00:00+00:00,1021.1,64.0,5003.0,2310.0,5367.0
2025-11-20 07:00:00+00:00,1020.9,65.0,5205.0,2334.0,5337.0
2025-11-20 08:00:00+00:00,1020.9,64.0,5133.0,2301.0,5355.0
2025-11-20 09:00:00+00:00,1020.8,65.0,5241.0,2403.0,5396.0
2025-11-20 10:00:00+00:00,1020.9,65.0,5192.0,2340.0,5480.0
2025-11-20 11:00:00+00:00,1021.2,65.0,5146.0,2319.0,5284.0
2025-11-20 12:00:00+00:00,1021.3,65.0,5027.0,2269.0,5178.0
2025-11-20 13:00:00+00:00,1021.2,66.0,5214.0,2413.0,5429.0
2025-11-20 14:00:00+00:00,1021.4,67.0,5143.0,2298.0,5272.0
2025-11-20 15:00:00+00:00,1021.9,67.0,5088.0,2347.0,5253.0
2025-11-20 16:00:00+00:00,1021.2,68.0,5224.0,2393.0,5446.0
2025-11-20 17:00:00+00:00,1019.8,73.0,5225.0,2408.0,5444.0
2025-11-20 18:00:00+00:00,1019.3,73.0,5180.0,2372.0,5391.0
2025-11-20 19:00:00+00:00,1019.0,75.0,5245.0,2349.0,5360.0
2025-11-20 20:00:00+00:00,1018.5,74.0,5174.0,2320.0,5371.0
2025-11-20 21:00:00+00:00,1018.7,73.0,5172.0,2297.0,5300.0
2025-11-20 22:00:00+00:00,1019.0,71.0,5110.0,2310.0,5300.0
2025-11-20 23:00:00+00:00,1018.4,69.0,5182.0,2358.0,5349.0
2025-11-21 00:00:00+00:00,1018.9,68.0,5129.0,2401.0,5376.0
2025-11-21 01:00:00+00:00,1019.0,67.0,5064.0,2301.0,5278.0
2025-11-21 02:00:00+00:00,1018.8,67.0,4978.0,2272.0,5194.0
2025-11-21 03:00:00+00:00,1018.6,66.0,5011.0,2284.0,5201.0
2025-11-21 04:00:00+00:00,1018.7,66.0,5151.0,2385.0,5329.0
2025-11-21 05:00:00+00:00,1018.3,66.0,5019.0,2338.0,5343.0
2025-11-21 06:00:00+00:00,1018.4,65.0,4948.0,2297.0,5170.0
2025-11-21 07:00:00+00:00,1018.5,63.0,5042.0,2340.0,5372.0
2025-11-21 08:00:00+00:00,1018.4,63.0,5005.0,2250.0,5200.0
2025-11-21 09:00:00+00:00,1017.9,62.0,5081.0,2325.0,5291.0
2025-11-21 10:00:00+00:00,1017.9,61.0,5117.0,2295.0,5308.0
2025-11-21 11:00:00+00:00,1018.3,61.0,5134.0,2366.0,5344.0
2025-11-21 12:00:00+00:00,1018.5,61.0,5090.0,2318.0,5306.0
2025-11-21 13:00:00+00:00,1018.7,63.0,5067.0,2329.0,5253.0
2025-11-21 14:00:00+00:00,1019.1,70.0,5291.0,2418.0,5435.0
2025-11-21 15:00:00+00:00,1018.8,74.0,5136.0,2364.0,5377.0
2025-11-21 16:00:00+00:00,1018.2,78.0,5228.0,2349.0,5337.0
2025-11-21 17:00:00+00:00,1017.3,79.0,5198.0,2368.0,5302.0
2025-11-21 18:00:00+00:00,1016.7,78.0,5090.0,2350.0,5358.0
2025-11-21 19:00:00+00:00,1017.1,75.0,5111.0,2335.0,5269.0
2025-11-21 20:00:00+00:00,1017.0,73.0,5103.0,2335.0,5312.0
2025-11-21 21:00:00+00:00,1017.3,72.0,5186.0,2334.0,5179.0
2025-11-21 22:00:00+00:00,1017.1,69.0,5231.0,2416.0,5364.0
2025-11-21 23:00:00+00:00,1016.2,68.0,5082.0,2337.0,5218.0
2025-11-22 00:00:00+00:00,1016.4,67.0,5348.0,2418.0,5370.0
2025-11-22 01:00:00+00:00,1016.8,66.0,5018.0,2312.0,5253.0
2025-11-22 02:00:00+00:00,1016.4,65.0,5135.0,2293.0,5297.0
2025-11-22 03:00:00+00:00,1016.0,65.0,5055.0,2344.0,5409.0
2025-11-22 04:00:00+00:00,1015.8,65.0,5146.0,2320.0,5335.0
2025-11-22 05:00:00+00:00,1015.3,66.0,5251.0,2364.0,5357.0
2025-11-22 06:00:00+00:00,1015.3,67.0,5118.0,2323.0,5352.0
2025-11-22 07:00:00+00:00,1015.4,67.0,5040.0,2346.0,5277.0
2025-11-22 08:00:00+00:00,1015.3,68.0,5206.0,2383.0,5331.0
2025-11-22 09:00:00+00:00,1015.2,69.0,5234.0,2407.0,5343.0
2025-11-22 10:00:00+00:00,1015.2,69.0,5112.0,2325.0,5271.0
2025-11-22 11:00:00+00:00,1015.4,68.0,5010.0,2368.0,5397.0
2025-11-22 12:00:00+00:00,1015.8,68.0,5154.0,2350.0,5387.0
2025-11-22 13:00:00+00:00,1016.2,69.0,5226.0,2447.0,5437.0
2025-11-22 14:00:00+00:00,1016.9,69.0,5054.0,2320.0,5256.0
2025-11-22 15:00:00+00:00,1016.8,73.0,5199.0,2334.0,5330.0
2025-11-22 16:00:00+00:00,1016.1,76.0,5167.0,2382.0,5364.0
2025-11-22 17:00:00+00:00,1015.0,77.0,5093.0,2271.0,5304.0
2025-11-22 18:00:00+00:00,1014.3,78.0,5225.0,2393.0,5440.0
2025-11-22 19:00:00+00:00,1013.7,81.0,5147.0,2296.0,5285.0
2025-11-22 20:00:00+00:00,1013.7,81.0,5000.0,2381.0,5270.0
2025-11-22 21:00:00+00:00,1014.0,77.0,5130.0,2308.0,5223.0
2025-11-22 22:00:00+00:00,1014.5,75.0,5176.0,2370.0,5323.0
2025-11-22 23:00:00+00:00,1015.2,71.0,5201.0,2407.0,5335.0
2025-11-23 00:00:00+00:00,1015.8,69.0,5012.0,2333.0,5224.0
2025-11-23 01:00:00+00:00,1016.2,66.0,5159.0,2353.0,5376.0
2025-11-23 02:00:00+00:00,1016.5,65.0,5173.0,2403.0,5335.0
2025-11-23 03:00:00+00:00,1016.6,64.0,5247.0,2430.0,5398.0
2025-11-23 04:00:00+00:00,1016.7,62.0,5260.0,2312.0,5313.0
2025-11-23 05:00:00+00:00,1017.1,60.0,5012.0,2323.0,5250.0
2025-11-23 06:00:00+00:00,1017.1,59.0,5109.0,2351.0,5318.0
2025-11-23 07:00:00+00:00,1017.0,59.0,5213.0,2387.0,5255.0
2025-11-23 08:00:00+00:00,1017.1,58.0,5124.0,2411.0,5294.0
2025-11-23 09:00:00+00:00,1017.5,58.0,5138.0,2398.0,5393.0
2025-11-23 10:00:00+00:00,1017.7,57.0,5140.0,2340.0,5408.0
2025-11-23 11:00:00+00:00,1018.7,56.0,5147.0,2285.0,5219.0
2025-11-23 12:00:00+00:00,1019.4,56.0,5234.0,2377.0,5454.0
2025-11-23 13:00:00+00:00,1019.8,60.0,5278.0,2365.0,5357.0
2025-11-23 14:00:00+00:00,1020.3,65.0,5092.0,2265.0,5281.0
2025-11-23 15:00:00+00:00,1020.4,68.0,5224.0,2391.0,5276.0
2025-11-23 16:00:00+00:00,1019.7,71.0,5134.0,2335.0,5256.0
2025-11-23 17:00:00+00:00,1019.0,72.0,5321.0,2399.0,5370.0
2025-11-23 18:00:00+00:00,1018.6,73.0,5184.0,2413.0,5304.0
2025-11-23 19:00:00+00:00,1018.2,74.0,5059.0,2283.0,5182.0
2025-11-23 20:00:00+00:00,1018.2,74.0,5209.0,2371.0,5377.0
2025-11-23 21:00:00+00:00,1018.4,71.0,5184.0,2381.0,5313.0
2025-11-23 22:00:00+00:00,1018.7,68.0,5127.0,2406.0,5448.0
2025-11-23 23:00:00+00:00,1019.5,65.0,5191.0,2338.0,5308.0
2025-11-24 00:00:00+00:00,1019.6,63.0,5175.0,2434.0,5463.0
2025-11-24 01:00:00+00:00,1020.0,60.0,5143.0,2425.0,5416.0
2025-11-24 02:00:00+00:00,1019.9,59.0,5142.0,2365.0,5265.0
2025-11-24 03:00:00+00:00,1019.6,58.0,5161.0,2384.0,5404.0
2025-11-24 04:00:00+00:00,1019.6,59.0,5234.0,2335.0,5288.0
2025-11-24 05:00:00+00:00,1019.5,56.0,5206.0,2362.0,5347.0
2025-11-24 06:00:00+00:00,1019.7,55.0,5197.0,2378.0,5274.0
2025-11-24 07:00:00+00:00,1019.8,53.0,4987.0,2306.0,5277.0
2025-11-24 08:00:00+00:00,1020.0,54.0,5152.0,2322.0,5297.0
2025-11-24 09:00:00+00:00,1020.6,53.0,5194.0,2400.0,5356.0
2025-11-24 10:00:00+00:00,1020.8,53.0,5181.0,2338.0,5234.0
2025-11-24 11:00:00+00:00,1021.3,53.0,5097.0,2321.0,5337.0
2025-11-24 12:00:00+00:00,1021.9,54.0,5169.0,2351.0,5291.0
2025-11-24 13:00:00+00:00,1021.9,58.0,5101.0,2399.0,5377.0
2025-11-24 14:00:00+00:00,1022.2,64.0,5219.0,2358.0,5255.0
2025-11-24 15:00:00+00:00,1022.2,68.0,5132.0,2376.0,5464.0
2025-11-24 16:00:00+00:00,1021.4,72.0,5203.0,2319.0,5202.0
2025-11-24 17:00:00+00:00,1020.4,74.0,5160.0,2354.0,5356.0
2025-11-24 18:00:00+00:00,1019.5,74.0,5199.0,2392.0,5400.0
2025-11-24 19:00:00+00:00,1018.9,75.0,5200.0,2347.0,5385.0
2025-11-24 20:00:00+00:00,1018.9,74.0,5219.0,2430.0,5352.0
2025-11-24 21:00:00+00:00,1019.1,72.0,5063.0,2300.0,5294.0
2025-11-24 22:00:00+00:00,1019.3,70.0,5094.0,2244.0,5217.0
2025-11-24 23:00:00+00:00,1019.6,68.0,5152.0,2381.0,5312.0
2025-11-25 00:00:00+00:00,1020.5,67.0,5115.0,2325.0,5322.0
2025-11-25 01:00:00+00:00,1019.9,66.0,5191.0,2395.0,5380.0
2025-11-25 02:00:00+00:00,1019.6,65.0,5251.0,2421.0,5356.0
2025-11-25 03:00:00+00:00,1019.1,63.0,4991.0,2222.0,5166.0
2025-11-25 04:00:00+00:00,1018.8,63.0,5170.0,2341.0,5322.0
2025-11-25 05:00:00+00:00,1019.0,62.0,5019.0,2331.0,5320.0
2025-11-25 06:00:00+00:00,1018.8,61.0,5233.0,2368.0,5395.0
2025-11-25 07:00:00+00:00,1018.5,60.0,5073.0,2389.0,5344.0
2025-11-25 08:00:00+00:00,1018.9,60.0,5174.0,2355.0,5266.0
2025-11-25 09:00:00+00:00,1018.1,61.0,5230.0,2374.0,5438.0
2025-11-25 10:00:00+00:00,1018.2,61.0,5232.0,2424.0,5406.0
2025-11-25 11:00:00+00:00,1017.8,61.0,5091.0,2382.0,5409.0
2025-11-25 12:00:00+00:00,1018.3,61.0,5276.0,2353.0,5352.0
2025-11-25 13:00:00+00:00,1021.0,59.0,5181.0,2369.0,5397.0
2025-11-25 14:00:00+00:00,1020.0,59.0,5121.0,2338.0,5296.0
2025-11-25 15:00:00+00:00,,,5140.0,2385.0,5417.0
2025-11-25 16:00:00+00:00,1019.2,61.0,5285.0,2428.0,5473.0
2025-11-25 17:00:00+00:00,1017.4,63.0,5150.0,2410.0,5369.0
2025-11-25 18:00:00+00:00,1015.9,65.0,5199.0,2384.0,5426.0
2025-11-25 19:00:00+00:00,1015.8,66.0,5161.0,2374.0,5409.0
2025-11-25 20:00:00+00:00,1015.8,66.0,5212.0,2391.0,5507.0
2025-11-25 21:00:00+00:00,1015.0,67.0,5248.0,2360.0,5460.0
2025-11-25 22:00:00+00:00,1015.1,66.0,5197.0,2383.0,5510.0
2025-11-25 23:00:00+00:00,1016.0,65.0,5417.0,2454.0,5485.0
2025-11-26 00:00:00+00:00,1016.4,66.0,5302.0,2429.0,5460.0
2025-11-26 01:00:00+00:00,1016.2,66.0,5188.0,2358.0,5469.0
2025-11-26 02:00:00+00:00,1016.6,65.0,5224.0,2383.0,5289.0
2025-11-26 03:00:00+00:00,1016.3,65.0,5182.0,2347.0,5260.0
2025-11-26 04:00:00+00:00,1016.1,64.0,5288.0,2373.0,5349.0
2025-11-26 05:00:00+00:00,1016.0,64.0,5087.0,2304.0,5358.0
2025-11-26 06:00:00+00:00,1015.8,63.0,5267.0,2423.0,5384.0
2025-11-26 07:00:00+00:00,1016.0,61.0,5156.0,2410.0,5549.0
2025-11-26 08:00:00+00:00,1016.3,61.0,5259.0,2384.0,5419.0
2025-11-26 09:00:00+00:00,1016.8,59.0,5277.0,2451.0,5393.0
2025-11-26 10:00:00+00:00,1017.4,58.0,5286.0,2388.0,5389.0
2025-11-26 11:00:00+00:00,1017.8,57.0,5180.0,2417.0,5399.0
2025-11-26 12:00:00+00:00,1018.3,57.0,5058.0,2274.0,5243.0
2025-11-26 13:00:00+00:00,1018.8,59.0,5132.0,2341.0,5420.0
2025-11-26 14:00:00+00:00,1019.2,62.0,5221.0,2346.0,5302.0
2025-11-26 15:00:00+00:00,1019.2,65.0,5313.0,2413.0,5334.0
2025-11-26 16:00:00+00:00,1018.7,67.0,5177.0,2409.0,5336.0
2025-11-26 17:00:00+00:00,1018.0,67.0,5241.0,2422.0,5413.0
2025-11-26 18:00:00+00:00,1017.7,67.0,5258.0,2366.0,5284.0
2025-11-26 19:00:00+00:00,1017.7,68.0,5216.0,2383.0,5413.0
2025-11-26 20:00:00+00:00,1018.1,67.0,5199.0,2357.0,5424.0
2025-11-26 21:00:00+00:00,1018.7,63.0,5154.0,2391.0,5353.0
2025-11-26 22:00:00+00:00,1019.7,59.0,5038.0,2278.0,5278.0
2025-11-26 23:00:00+00:00,1020.6,56.0,5361.0,2491.0,5495.0
2025-11-27 00:00:00+00:00,1021.0,53.0,5208.0,2360.0,5450.0
2025-11-27 01:00:00+00:00,1021.3,51.0,5247.0,2328.0,5381.0
2025-11-27 02:00:00+00:00,1021.0,49.0,5350.0,2434.0,5364.0
2025-11-27 03:00:00+00:00,1021.3,48.0,5133.0,2319.0,5345.0
2025-11-27 04:00:00+00:00,1021.2,46.0,5176.0,2420.0,5442.0
2025-11-27 05:00:00+00:00,1020.5,45.0,5293.0,2417.0,5353.0
2025-11-27 06:00:00+00:00,1020.8,44.0,5117.0,2341.0,5359.0
2025-11-27 07:00:00+00:00,1020.9,42.0,5371.0,2421.0,5513.0
2025-11-27 08:00:00+00:00,1021.3,41.0,5241.0,2418.0,5429.0
2025-11-27 09:00:00+00:00,1021.8,40.0,5327.0,2455.0,5617.0
2025-11-27 10:00:00+00:00,1022.3,39.0,5222.0,2339.0,5338.0
2025-11-27 11:00:00+00:00,1022.3,38.0,5344.0,2455.0,5547.0
2025-11-27 12:00:00+00:00,1023.0,39.0,5397.0,2458.0,5394.0
2025-11-27 13:00:00+00:00,1023.7,41.0,5320.0,2347.0,5391.0
2025-11-27 14:00:00+00:00,1024.5,42.0,5339.0,2373.0,5375.0
2025-11-27 15:00:00+00:00,1024.8,47.0,5526.0,2575.0,5623.0
2025-11-27 16:00:00+00:00,1024.3,49.0,5292.0,2407.0,5467.0
2025-11-27 17:00:00+00:00,1023.4,51.0,5345.0,2475.0,5547.0
2025-11-27 18:00:00+00:00,1023.1,52.0,5322.0,2363.0,5460.0
2025-11-27 19:00:00+00:00,1022.7,52.0,5379.0,2394.0,5482.0
2025-11-27 20:00:00+00:00,1022.6,52.0,5479.0,2466.0,5666.0
2025-11-27 21:00:00+00:00,1023.1,50.0,5397.0,2435.0,5476.0
2025-11-27 22:00:00+00:00,1023.9,47.0,5384.0,2440.0,5507.0
2025-11-27 23:00:00+00:00,1024.2,45.0,5323.0,2447.0,5511.0
2025-11-28 00:00:00+00:00,1024.7,43.0,5413.0,2481.0,5528.0
2025-11-28 01:00:00+00:00,1025.2,40.0,5430.0,2433.0,5562.0
2025-11-28 02:00:00+00:00,1025.6,39.0,5306.0,2378.0,5511.0
2025-11-28 03:00:00+00:00,1025.5,38.0,5336.0,2432.0,5462.0
2025-11-28 04:00:00+00:00,1025.2,37.0,5404.0,2398.0,5441.0
2025-11-28 05:00:00+00:00,1025.2,36.0,5353.0,2481.0,5549.0
2025-11-28 06:00:00+00:00,1025.8,36.0,5373.0,2470.0,5623.0
2025-11-28 07:00:00+00:00,1026.5,35.0,5538.0,2461.0,5524.0
2025-11-28 08:00:00+00:00,1026.3,35.0,5391.0,2369.0,5514.0
2025-11-28 09:00:00+00:00,1026.7,34.0,5562.0,2487.0,5546.0
2025-11-28 10:00:00+00:00,1027.7,34.0,5337.0,2355.0,5441.0
2025-11-28 11:00:00+00:00,1028.6,33.0,5498.0,2439.0,5536.0
2025-11-28 12:00:00+00:00,1029.0,33.0,5316.0,2402.0,5494.0
2025-11-28 13:00:00+00:00,1029.9,35.0,5394.0,2410.0,5562.0
2025-11-28 14:00:00+00:00,1030.6,39.0,5344.0,2420.0,5491.0
2025-11-28 15:00:00+00:00,1031.0,42.0,5472.0,2430.0,5549.0
2025-11-28 16:00:00+00:00,1030.2,45.0,5457.0,2479.0,5521.0
2025-11-28 17:00:00+00:00,1029.1,47.0,5434.0,2437.0,5516.0
2025-11-28 18:00:00+00:00,1028.6,48.0,5445.0,2477.0,5564.0
2025-11-28 19:00:00+00:00,1028.2,49.0,5464.0,2506.0,5578.0
2025-11-28 20:00:00+00:00,1028.2,49.0,5496.0,2493.0,5561.0
2025-11-28 21:00:00+00:00,1028.5,47.0,5418.0,2502.0,5719.0
2025-11-28 22:00:00+00:00,1028.5,43.0,5402.0,2413.0,5610.0
2025-11-28 23:00:00+00:00,1029.4,41.0,5476.0,2511.0,5592.0
2025-11-29 00:00:00+00:00,1028.9,42.0,5431.0,2515.0,5509.0
2025-11-29 01:00:00+00:00,1029.2,42.0,5465.0,2391.0,5510.0
2025-11-29 02:00:00+00:00,1029.5,39.0,5373.0,2375.0,5512.0
2025-11-29 03:00:00+00:00,1029.4,37.0,5379.0,2443.0,5538.0
2025-11-29 04:00:00+00:00,1029.3,34.0,5545.0,2475.0,5509.0
2025-11-29 05:00:00+00:00,1029.2,35.0,5412.0,2466.0,5642.0
2025-11-29 06:00:00+00:00,1029.1,36.0,5315.0,2378.0,5494.0
2025-11-29 07:00:00+00:00,1028.8,37.0,5286.0,2465.0,5561.0
2025-11-29 08:00:00+00:00,1028.4,35.0,5493.0,2490.0,5555.0
2025-11-29 09:00:00+00:00,1028.8,35.0,5469.0,2506.0,5732.0
2025-11-29 10:00:00+00:00,1029.5,34.0,5357.0,2394.0,5426.0
2025-11-29 11:00:00+00:00,1029.7,34.0,5590.0,2489.0,5599.0
2025-11-29 12:00:00+00:00,1030.3,34.0,5418.0,2463.0,5618.0
2025-11-29 13:00:00+00:00,1030.9,38.0,5529.0,2451.0,5658.0
2025-11-29 14:00:00+00:00,1031.4,41.0,5283.0,2463.0,5497.0
2025-11-29 15:00:00+00:00,1031.1,45.0,5387.0,2414.0,5566.0
2025-11-29 16:00:00+00:00,1030.8,48.0,5484.0,2506.0,5569.0
2025-11-29 17:00:00+00:00,1029.5,50.0,5470.0,2329.0,5466.0
2025-11-29 18:00:00+00:00,1028.2,51.0,5404.0,2385.0,5580.0
2025-11-29 19:00:00+00:00,,,5478.0,2494.0,5595.0
2025-11-29 20:00:00+00:00,1027.3,51.0,5280.0,2456.0,5594.0
2025-11-29 21:00:00+00:00,1027.3,50.0,5485.0,2412.0,5517.0
2025-11-29 22:00:00+00:00,1027.4,49.0,5350.0,2423.0,5535.0
2025-11-29 23:00:00+00:00,1027.8,47.0,5390.0,2406.0,5513.0
2025-11-30 00:00:00+00:00,1028.0,46.0,5390.0,2438.0,5507.0
2025-11-30 01:00:00+00:00,1028.0,45.0,5393.0,2452.0,5528.0
2025-11-30 02:00:00+00:00,1028.1,45.0,5401.0,2442.0,5506.0
2025-11-30 03:00:00+00:00,1027.9,45.0,5407.0,2445.0,5494.0
2025-11-30 04:00:00+00:00,1027.0,45.0,5400.0,2448.0,5500.0
2025-11-30 05:00:00+00:00,1026.2,45.0,5574.0,2574.0,5716.0
2025-11-30 06:00:00+00:00,1026.2,45.0,5340.0,2417.0,5540.0
2025-11-30 07:00:00+00:00,1026.0,44.0,5475.0,2357.0,5477.0
2025-11-30 08:00:00+00:00,1025.3,44.0,5507.0,2549.0,5674.0
2025-11-30 09:00:00+00:00,1024.8,43.0,5393.0,2424.0,5605.0
2025-11-30 10:00:00+00:00,1024.9,42.0,5532.0,2546.0,5776.0
2025-11-30 11:00:00+00:00,1025.0,41.0,5391.0,2464.0,5634.0
2025-11-30 12:00:00+00:00,1025.8,41.0,5325.0,2436.0,5636.0
2025-11-30 13:00:00+00:00,1025.9,41.0,5377.0,2391.0,5492.0
2025-11-30 14:00:00+00:00,1025.6,40.0,5369.0,2414.0,5573.0
2025-11-30 15:00:00+00:00,1026.0,41.0,5459.0,2449.0,5653.0
2025-11-30 16:00:00+00:00,1025.5,42.0,5482.0,2525.0,5662.0
2025-11-30 17:00:00+00:00,1024.2,42.0,5556.0,2517.0,5605.0
2025-11-30 18:00:00+00:00,1023.6,44.0,5522.0,2473.0,5601.0
2025-11-30 19:00:00+00:00,1022.5,44.0,5538.0,2517.0,5778.0
2025-11-30 20:00:00+00:00,1023.2,46.0,5574.0,2547.0,5698.0
2025-11-30 21:00:00+00:00,1023.1,46.0,5413.0,2473.0,5533.0
2025-11-30 22:00:00+00:00,1023.8,46.0,5383.0,2382.0,5496.0
2025-11-30 23:00:00+00:00,1024.0,46.0,5431.0,2472.0,5564.0
2025-12-01 00:00:00+00:00,1024.1,46.0,5457.0,2498.0,5687.0
2025-12-01 01:00:00+00:00,1024.5,46.0,5449.0,2446.0,5617.0
2025-12-01 02:00:00+00:00,1024.6,46.0,5380.0,2387.0,5522.0
2025-12-01 03:00:00+00:00,1024.6,46.0,5428.0,2462.0,5633.0
2025-12-01 04:00:00+00:00,1024.3,45.0,5316.0,2437.0,5566.0
2025-12-01 05:00:00+00:00,1024.5,44.0,5647.0,2572.0,5673.0
2025-12-01 06:00:00+00:00,1024.8,43.0,5693.0,2563.0,5644.0
2025-12-01 07:00:00+00:00,1024.6,41.0,5594.0,2572.0,5752.0
2025-12-01 08:00:00+00:00,1024.3,39.0,5543.0,2479.0,5595.0
2025-12-01 09:00:00+00:00,1024.3,37.0,5520.0,2488.0,5773.0
2025-12-01 10:00:00+00:00,1024.5,37.0,5567.0,2512.0,5701.0
2025-12-01 11:00:00+00:00,1025.2,37.0,5479.0,2463.0,5638.0
2025-12-01 12:00:00+00:00,1025.5,38.0,5445.0,2421.0,5580.0
2025-12-01 13:00:00+00:00,1025.9,40.0,5378.0,2386.0,5538.0
2025-12-01 14:00:00+00:00,1026.2,42.0,5266.0,2317.0,5479.0
2025-12-01 15:00:00+00:00,1025.4,46.0,5571.0,2518.0,5657.0
2025-12-01 16:00:00+00:00,1024.5,49.0,5415.0,2433.0,5597.0
2025-12-01 17:00:00+00:00,1023.1,50.0,5553.0,2458.0,5577.0
2025-12-01 18:00:00+00:00,1022.5,51.0,5509.0,2483.0,5578.0
2025-12-01 19:00:00+00:00,1021.6,52.0,5435.0,2449.0,5566.0
2025-12-01 20:00:00+00:00,1020.9,51.0,5392.0,2394.0,5535.0
2025-12-01 21:00:00+00:00,1020.9,50.0,5478.0,2472.0,5723.0
2025-12-01 22:00:00+00:00,1020.5,49.0,5624.0,2511.0,5646.0
2025-12-01 23:00:00+00:00,1020.3,49.0,5466.0,2389.0,5468.0
2025-12-02 00:00:00+00:00,1020.3,48.0,5530.0,2533.0,5694.0
2025-12-02 01:00:00+00:00,1019.6,48.0,5414.0,2483.0,5635.0
2025-12-02 02:00:00+00:00,1019.4,46.0,5443.0,2408.0,5616.0
2025-12-02 03:00:00+00:00,1018.9,44.0,5353.0,2437.0,5599.0
2025-12-02 04:00:00+00:00,1018.8,43.0,5561.0,2539.0,5692.0
2025-12-02 05:00:00+00:00,1017.4,42.0,5490.0,2502.0,5731.0
2025-12-02 06:00:00+00:00,1015.6,42.0,5599.0,2488.0,5696.0
2025-12-02 07:00:00+00:00,1015.3,42.0,5625.0,2570.0,5729.0
2025-12-02 08:00:00+00:00,1013.0,42.0,5503.0,2513.0,5695.0
2025-12-02 09:00:00+00:00,1012.4,42.0,5604.0,2584.0,5726.0
2025-12-02 10:00:00+00:00,1011.5,42.0,5539.0,2542.0,5810.0
2025-12-02 11:00:00+00:00,1010.9,42.0,5670.0,2526.0,5768.0
2025-12-02 12:00:00+00:00,1011.5,42.0,5537.0,2471.0,5744.0
2025-12-02 13:00:00+00:00,1012.9,43.0,5528.0,2556.0,5796.0
2025-12-02 14:00:00+00:00,1012.4,45.0,5574.0,2503.0,5606.0
2025-12-02 15:00:00+00:00,1012.8,46.0,5602.0,2520.0,5806.0
2025-12-02 16:00:00+00:00,1012.2,47.0,5600.0,2535.0,5802.0
2025-12-02 17:00:00+00:00,1011.3,48.0,5541.0,2521.0,5711.0
2025-12-02 18:00:00+00:00,1011.3,49.0,5616.0,2521.0,5779.0
2025-12-02 19:00:00+00:00,1011.7,48.0,5508.0,2529.0,5647.0
2025-12-02 20:00:00+00:00,1012.3,47.0,5519.0,2505.0,5717.0
2025-12-02 21:00:00+00:00,1013.5,45.0,5624.0,2544.0,5684.0
2025-12-02 22:00:00+00:00,1014.3,43.0,5560.0,2500.0,5771.0
2025-12-02 23:00:00+00:00,1014.7,42.0,5589.0,2497.0,5704.0
2025-12-03 00:00:00+00:00,1015.5,41.0,5458.0,2481.0,5733.0
2025-12-03 01:00:00+00:00,1016.1,39.0,5517.0,2475.0,5671.0
2025-12-03 02:00:00+00:00,1016.5,39.0,5445.0,2474.0,5718.0
2025-12-03 03:00:00+00:00,1017.1,37.0,5489.0,2474.0,5697.0
2025-12-03 04:00:00+00:00,1016.9,36.0,5561.0,2569.0,5674.0
2025-12-03 05:00:00+00:00,1017.0,36.0,5732.0,2601.0,5709.0
2025-12-03 06:00:00+00:00,1017.2,35.0,5492.0,2448.0,5707.0
2025-12-03 07:00:00+00:00,1017.4,35.0,5536.0,2542.0,5725.0
2025-12-03 08:00:00+00:00,1017.5,33.0,5519.0,2517.0,5782.0
2025-12-03 09:00:00+00:00,1018.1,33.0,5489.0,2485.0,5758.0
2025-12-03 10:00:00+00:00,1019.1,32.0,5547.0,2435.0,5676.0
2025-12-03 11:00:00+00:00,1019.8,32.0,5473.0,2428.0,5530.0
2025-12-03 12:00:00+00:00,1020.8,32.0,5578.0,2536.0,5739.0
2025-12-03 13:00:00+00:00,1021.2,35.0,5451.0,2441.0,5537.0
2025-12-03 14:00:00+00:00,1021.6,38.0,5378.0,2491.0,5699.0
2025-12-03 15:00:00+00:00,1021.8,43.0,5554.0,2544.0,5667.0
2025-12-03 16:00:00+00:00,1021.1,45.0,5425.0,2400.0,5432.0
2025-12-03 17:00:00+00:00,1020.3,49.0,5492.0,2430.0,5579.0
2025-12-03 18:00:00+00:00,1019.5,50.0,5502.0,2474.0,5575.0
2025-12-03 19:00:00+00:00,1019.6,51.0,5445.0,2409.0,5645.0
2025-12-03 20:00:00+00:00,1020.1,52.0,5457.0,2503.0,5691.0
2025-12-03 21:00:00+00:00,1020.4,50.0,5402.0,2456.0,5626.0
2025-12-03 22:00:00+00:00,1020.5,48.0,5446.0,2439.0,5617.0
2025-12-03 23:00:00+00:00,1021.9,44.0,5204.0,2381.0,5445.0
2025-12-04 00:00:00+00:00,1022.4,43.0,5269.0,2411.0,5592.0
2025-12-04 01:00:00+00:00,1022.3,41.0,5259.0,2353.0,5407.0
2025-12-04 02:00:00+00:00,1022.1,41.0,5380.0,2436.0,5421.0
2025-12-04 03:00:00+00:00,1022.3,38.0,5275.0,2308.0,5353.0
2025-12-04 04:00:00+00:00,1022.1,38.0,5228.0,2318.0,5429.0
2025-12-04 05:00:00+00:00,1021.6,38.0,5273.0,2365.0,5357.0
2025-12-04 06:00:00+00:00,1021.4,37.0,5279.0,2412.0,5487.0
2025-12-04 07:00:00+00:00,1021.3,37.0,5392.0,2457.0,5454.0
2025-12-04 08:00:00+00:00,1021.6,36.0,5332.0,2438.0,5452.0
2025-12-04 09:00:00+00:00,1021.2,36.0,5204.0,2424.0,5416.0
2025-12-04 10:00:00+00:00,1021.5,35.0,5362.0,2402.0,5394.0
2025-12-04 11:00:00+00:00,1021.4,38.0,5190.0,2355.0,5416.0
2025-12-04 12:00:00+00:00,1022.5,38.0,5433.0,2431.0,5441.0
2025-12-04 13:00:00+00:00,1022.9,40.0,5316.0,2432.0,5522.0
2025-12-04 14:00:00+00:00,1023.7,41.0,5163.0,2367.0,5460.0
2025-12-04 15:00:00+00:00,1025.0,43.0,5330.0,2468.0,5514.0
2025-12-04 16:00:00+00:00,1024.0,43.0,5328.0,2368.0,5524.0
2025-12-04 17:00:00+00:00,1022.7,46.0,5337.0,2451.0,5554.0
2025-12-04 18:00:00+00:00,1021.6,47.0,5495.0,2441.0,5562.0
2025-12-04 19:00:00+00:00,1020.5,48.0,5342.0,2450.0,5472.0
2025-12-04 20:00:00+00:00,1019.1,49.0,5209.0,2376.0,5544.0
2025-12-04 21:00:00+00:00,1019.1,49.0,5288.0,2450.0,5509.0
2025-12-04 22:00:00+00:00,1019.2,49.0,5244.0,2420.0,5411.0
2025-12-04 23:00:00+00:00,1020.4,48.0,5266.0,2415.0,5457.0
2025-12-05 00:00:00+00:00,1020.6,47.0,5225.0,2349.0,5409.0
2025-12-05 01:00:00+00:00,1020.6,46.0,5203.0,2374.0,5326.0
2025-12-05 02:00:00+00:00,1019.8,45.0,5313.0,2443.0,5537.0
2025-12-05 03:00:00+00:00,1019.8,44.0,5288.0,2331.0,5345.0
2025-12-05 04:00:00+00:00,1018.3,44.0,5219.0,2430.0,5497.0
2025-12-05 05:00:00+00:00,1018.9,44.0,5246.0,2354.0,5292.0
2025-12-05 06:00:00+00:00,1018.6,44.0,5358.0,2452.0,5428.0
2025-12-05 07:00:00+00:00,1018.8,43.0,5296.0,2413.0,5376.0
2025-12-05 08:00:00+00:00,1017.9,43.0,5339.0,2482.0,5582.0
2025-12-05 09:00:00+00:00,1017.4,43.0,5211.0,2329.0,5430.0
2025-12-05 10:00:00+00:00,1016.3,43.0,5289.0,2450.0,5482.0
2025-12-05 11:00:00+00:00,1016.5,44.0,5312.0,2399.0,5502.0
2025-12-05 12:00:00+00:00,1016.7,44.0,5240.0,2372.0,5433.0
2025-12-05 13:00:00+00:00,1017.6,44.0,5306.0,2466.0,5454.0
2025-12-05 14:00:00+00:00,1017.1,45.0,5202.0,2371.0,5433.0
2025-12-05 15:00:00+00:00,1016.8,46.0,5265.0,2460.0,5516.0
2025-12-05 16:00:00+00:00,1016.4,47.0,5267.0,2320.0,5465.0
2025-12-05 17:00:00+00:00,1015.3,47.0,5344.0,2458.0,5547.0
2025-12-05 18:00:00+00:00,1014.8,47.0,5213.0,2353.0,5457.0
2025-12-05 19:00:00+00:00,1014.9,47.0,5208.0,2331.0,5363.0
2025-12-05 20:00:00+00:00,1015.0,47.0,5274.0,2398.0,5336.0
2025-12-05 21:00:00+00:00,1015.1,47.0,5280.0,2381.0,5423.0
2025-12-05 22:00:00+00:00,1015.0,46.0,5268.0,2371.0,5390.0
2025-12-05 23:00:00+00:00,1015.5,46.0,5318.0,2383.0,5419.0
2025-12-06 00:00:00+00:00,1016.1,46.0,5287.0,2416.0,5488.0
2025-12-06 01:00:00+00:00,1016.0,45.0,5203.0,2409.0,5413.0
2025-12-06 02:00:00+00:00,1016.1,45.0,5232.0,2440.0,5327.0
2025-12-06 03:00:00+00:00,1015.5,44.0,5159.0,2391.0,5544.0
2025-12-06 04:00:00+00:00,1015.6,44.0,5289.0,2411.0,5515.0
2025-12-06 05:00:00+00:00,1014.9,44.0,5310.0,2364.0,5494.0
2025-12-06 06:00:00+00:00,1015.7,43.0,5222.0,2393.0,5509.0
2025-12-06 07:00:00+00:00,1014.7,43.0,5230.0,2432.0,5457.0
2025-12-06 08:00:00+00:00,1015.4,43.0,5302.0,2376.0,5467.0
2025-12-06 09:00:00+00:00,1015.4,43.0,5413.0,2483.0,5554.0
2025-12-06 10:00:00+00:00,1015.4,43.0,5271.0,2404.0,5457.0
2025-12-06 11:00:00+00:00,1015.8,43.0,5177.0,2393.0,5500.0
2025-12-06 12:00:00+00:00,1016.1,44.0,5433.0,2459.0,5457.0
2025-12-06 13:00:00+00:00,1016.5,44.0,5260.0,2365.0,5305.0
2025-12-06 14:00:00+00:00,1016.6,44.0,5249.0,2413.0,5443.0
2025-12-06 15:00:00+00:00,1017.5,45.0,5155.0,2414.0,5437.0
2025-12-06 16:00:00+00:00,1017.5,46.0,5252.0,2340.0,5290.0
2025-12-06 17:00:00+00:00,1016.5,45.0,5282.0,2354.0,5366.0
2025-12-06 18:00:00+00:00,1016.5,46.0,5283.0,2418.0,5507.0
2025-12-06 19:00:00+00:00,1016.1,47.0,5191.0,2320.0,5339.0
2025-12-06 20:00:00+00:00,1015.9,46.0,5208.0,2369.0,5383.0
2025-12-06 21:00:00+00:00,1016.2,46.0,5345.0,2386.0,5492.0
2025-12-06 22:00:00+00:00,1016.4,45.0,5270.0,2366.0,5486.0
2025-12-06 23:00:00+00:00,1016.7,43.0,5311.0,2450.0,5412.0
2025-12-07 00:00:00+00:00,1017.2,41.0,5322.0,2391.0,5359.0
2025-12-07 01:00:00+00:00,1017.3,40.0,5237.0,2331.0,5357.0
2025-12-07 02:00:00+00:00,1017.5,39.0,5133.0,2371.0,5411.0
2025-12-07 03:00:00+00:00,1017.8,39.0,5308.0,2446.0,5439.0
2025-12-07 04:00:00+00:00,1017.7,38.0,5173.0,2364.0,5301.0
2025-12-07 05:00:00+00:00,1017.6,37.0,5222.0,2427.0,5507.0
2025-12-07 06:00:00+00:00,1017.0,38.0,5443.0,2521.0,5592.0
2025-12-07 07:00:00+00:00,1017.3,36.0,5357.0,2445.0,5472.0
2025-12-07 08:00:00+00:00,1017.5,36.0,5416.0,2474.0,5405.0
2025-12-07 09:00:00+00:00,1016.9,35.0,5200.0,2329.0,5325.0
2025-12-07 10:00:00+00:00,1017.8,33.0,5270.0,2403.0,5330.0
2025-12-07 11:00:00+00:00,1018.5,33.0,5270.0,2477.0,5581.0
2025-12-07 12:00:00+00:00,1019.0,34.0,5231.0,2394.0,5417.0
2025-12-07 13:00:00+00:00,1019.2,35.0,5322.0,2464.0,5528.0
2025-12-07 14:00:00+00:00,1019.7,38.0,5355.0,2440.0,5568.0
2025-12-07 15:00:00+00:00,1020.4,39.0,5382.0,2412.0,5471.0
2025-12-07 16:00:00+00:00,1019.0,39.0,5220.0,2386.0,5448.0
2025-12-07 17:00:00+00:00,1018.8,41.0,5293.0,2347.0,5377.0
2025-12-07 18:00:00+00:00,1017.1,42.0,5195.0,2360.0,5466.0
2025-12-07 19:00:00+00:00,1017.6,43.0,5288.0,2393.0,5465.0
2025-12-07 20:00:00+00:00,1017.3,43.0,5282.0,2456.0,5553.0
2025-12-07 21:00:00+00:00,1017.0,43.0,5266.0,2346.0,5336.0
2025-12-07 22:00:00+00:00,1017.1,42.0,5286.0,2362.0,5516.0
2025-12-07 23:00:00+00:00,1017.4,41.0,5353.0,2516.0,5736.0
2025-12-08 00:00:00+00:00,,,5286.0,2395.0,5490.0
2025-12-08 01:00:00+00:00,,,5353.0,2391.0,5464.0
2025-12-08 02:00:00+00:00,,,5312.0,2408.0,5471.0
2025-12-08 03:00:00+00:00,,,5380.0,2456.0,5545.0
2025-12-08 04:00:00+00:00,,,5292.0,2394.0,5388.0
2025-12-08 05:00:00+00:00,,,5320.0,2455.0,5590.0
2025-12-08 06:00:00+00:00,,,5305.0,2329.0,5362.0
2025-12-08 07:00:00+00:00,,,5130.0,2435.0,5447.0
2025-12-08 08:00:00+00:00,,,5219.0,2389.0,5365.0
2025-12-08 09:00:00+00:00,,,5231.0,2388.0,5374.0
2025-12-08 10:00:00+00:00,,,5333.0,2445.0,5444.0
2025-12-08 11:00:00+00:00,,,5312.0,2413.0,5450.0
2025-12-08 12:00:00+00:00,,,5126.0,2290.0,5371.0
2025-12-08 13:00:00+00:00,,,5241.0,2355.0,5376.0
2025-12-08 14:00:00+00:00,,,5267.0,2370.0,5376.0
2025-12-08 15:00:00+00:00,,,5341.0,2473.0,5429.0
2025-12-08 16:00:00+00:00,,,5339.0,2393.0,5443.0
