date,tmpf,mslp,counts12,counts13,counts23
2025-09-25 11:00:00+00:00,70.7,699.313,29987.0,14726.0,29775.0
2025-09-25 12:00:00+00:00,61.7,699.2330833333334,30116.0,14670.0,29931.0
2025-09-25 13:00:00+00:00,59.0,699.2764166666667,30327.0,14702.0,29937.0
2025-09-25 14:00:00+00:00,58.1,699.3751666666667,30015.0,14685.0,29700.0
2025-09-25 15:00:00+00:00,55.400000000000006,699.352,30542.0,14954.0,30562.0
2025-09-25 16:00:00+00:00,53.6,699.4736666666666,30480.0,14940.0,30578.0
2025-09-25 17:00:00+00:00,48.2,699.54425,30585.0,14858.0,30513.0
2025-09-25 18:00:00+00:00,44.6,699.7146666666667,30849.0,15198.0,31004.0
2025-09-25 19:00:00+00:00,41.0,699.7692499999999,30485.0,14905.0,30274.0
2025-09-25 20:00:00+00:00,39.2,699.6145,30596.0,14900.0,30446.0
2025-09-25 21:00:00+00:00,35.6,699.5066666666667,30842.0,14987.0,30387.0
2025-09-25 22:00:00+00:00,36.5,699.3360833333332,30882.0,15084.0,30784.0
2025-09-25 23:00:00+00:00,34.7,699.1368333333334,30733.0,14945.0,30662.0
2025-09-26 00:00:00+00:00,33.8,699.0792499999999,30730.0,14994.0,30501.0
2025-09-26 01:00:00+00:00,44.6,699.0586666666667,30666.0,14986.0,30421.0
2025-09-26 02:00:00+00:00,52.7,699.0266666666666,30890.0,14882.0,30487.0
2025-09-26 03:00:00+00:00,58.1,699.0841666666666,30596.0,14767.0,30258.0
2025-09-26 04:00:00+00:00,61.7,699.2556666666666,30806.0,14993.0,30644.0
2025-09-26 05:00:00+00:00,65.30000000000001,699.4024166666667,30565.0,14842.0,30350.0
2025-09-26 06:00:00+00:00,67.1,699.71225,30552.0,14854.0,30181.0
2025-09-26 07:00:00+00:00,69.8,699.7581666666666,30692.0,15124.0,30574.0
2025-09-26 08:00:00+00:00,69.8,699.9203333333334,30372.0,14881.0,30233.0
2025-09-26 09:00:00+00:00,70.69999999999999,699.8096666666667,30014.0,14671.0,30025.0
2025-09-26 10:00:00+00:00,69.8,699.5885833333333,30090.0,14799.0,30337.0
2025-09-26 11:00:00+00:00,66.2,699.6101666666667,30079.0,14676.0,30148.0
2025-09-26 12:00:00+00:00,60.8,699.74925,29652.0,14455.0,30034.0
2025-09-26 13:00:00+00:00,56.3,699.6173333333332,30244.0,14648.0,29981.0
2025-09-26 14:00:00+00:00,53.6,699.6909166666666,30128.0,14835.0,30264.0
2025-09-26 15:00:00+00:00,50.0,699.7576666666668,30519.0,14833.0,30408.0
2025-09-26 16:00:00+00:00,46.4,699.9852500000001,30188.0,14696.0,30070.0
2025-09-26 17:00:00+00:00,45.5,700.2584166666667,30611.0,14903.0,30465.0
2025-09-26 18:00:00+00:00,41.9,700.20325,30472.0,14799.0,30195.0
2025-09-26 19:00:00+00:00,40.1,700.0983333333334,30538.0,14990.0,30695.0
2025-09-26 20:00:00+00:00,37.400000000000006,699.8189166666666,30875.0,14954.0,30510.0
2025-09-26 21:00:00+00:00,36.5,699.68525,30656.0,14976.0,30815.0
2025-09-26 22:00:00+00:00,35.6,699.4665833333333,30505.0,14849.0,30651.0
2025-09-26 23:00:00+00:00,37.4,699.2500833333334,30776.0,15045.0,30486.0
2025-09-27 00:00:00+00:00,35.6,699.0455833333334,30820.0,15151.0,30987.0
2025-09-27 01:00:00+00:00,42.8,698.97175,31139.0,15105.0,30987.0
2025-09-27 02:00:00+00:00,51.8,698.97125,30746.0,15096.0,30641.0
2025-09-27 03:00:00+00:00,56.3,699.0186666666667,30711.0,15061.0,30731.0
2025-09-27 04:00:00+00:00,59.9,699.1215833333334,30731.0,15033.0,30752.0
2025-09-27 05:00:00+00:00,62.6,699.4431666666666,30489.0,14874.0,30630.0
2025-09-27 06:00:00+00:00,65.30000000000001,699.6895833333333,30870.0,15229.0,30922.0
2025-09-27 07:00:00+00:00,67.1,700.02675,30819.0,14948.0,30538.0
2025-09-27 08:00:00+00:00,68.9,700.2320833333333,30591.0,14922.0,30555.0
2025-09-27 09:00:00+00:00,70.69999999999999,700.0747500000001,30483.0,14968.0,30543.0
2025-09-27 10:00:00+00:00,69.8,700.0376666666666,30502.0,14965.0,30488.0
2025-09-27 11:00:00+00:00,67.1,700.0790000000001,30309.0,14721.0,30203.0
2025-09-27 12:00:00+00:00,59.9,700.1210833333333,30384.0,14937.0,30248.0
2025-09-27 13:00:00+00:00,54.5,700.2009166666667,30047.0,14765.0,30326.0
2025-09-27 14:00:00+00:00,58.1,700.3888333333333,30526.0,15036.0,30567.0
2025-09-27 15:00:00+00:00,50.9,700.4585833333334,30435.0,14957.0,30632.0
2025-09-27 16:00:00+00:00,49.1,700.7626666666666,30833.0,15284.0,30856.0
2025-09-27 17:00:00+00:00,44.6,700.8255833333333,30658.0,14851.0,30509.0
2025-09-27 18:00:00+00:00,40.1,700.6145,30649.0,15228.0,30764.0
2025-09-27 19:00:00+00:00,40.1,700.3945833333333,30655.0,15077.0,30681.0
2025-09-27 20:00:00+00:00,37.400000000000006,700.1291666666666,30589.0,14956.0,30614.0
2025-09-27 21:00:00+00:00,35.6,700.0988333333333,30976.0,15097.0,30587.0
2025-09-27 22:00:00+00:00,33.8,699.9852500000001,30626.0,14910.0,30436.0
2025-09-27 23:00:00+00:00,32.9,699.5988333333333,30769.0,14978.0,30483.0
2025-09-28 00:00:00+00:00,32.0,699.4321666666666,30904.0,15217.0,30902.0
2025-09-28 01:00:00+00:00,41.0,699.465,30658.0,15036.0,30648.0
2025-09-28 02:00:00+00:00,50.0,699.6617500000001,30564.0,14898.0,30295.0
2025-09-28 03:00:00+00:00,56.3,699.6824166666667,30484.0,14787.0,30387.0
2025-09-28 04:00:00+00:00,62.6,699.8338333333332,30488.0,14809.0,30108.0
2025-09-28 05:00:00+00:00,66.2,700.33525,30497.0,14866.0,30339.0
2025-09-28 06:00:00+00:00,68.0,700.7407499999999,30473.0,14881.0,30367.0
2025-09-28 07:00:00+00:00,69.8,701.1924166666666,30451.0,14827.0,30346.0
2025-09-28 08:00:00+00:00,69.8,701.3179166666667,30172.0,14743.0,30197.0
2025-09-28 09:00:00+00:00,69.8,701.0599166666667,30627.0,15061.0,30951.0
2025-09-28 10:00:00+00:00,68.0,700.9710833333334,30552.0,14970.0,30175.0
2025-09-28 11:00:00+00:00,64.4,701.2971666666667,30240.0,14725.0,30176.0
2025-09-28 12:00:00+00:00,59.9,701.46225,30327.0,14779.0,29911.0
2025-09-28 13:00:00+00:00,56.3,701.7255833333334,29738.0,14588.0,29836.0
2025-09-28 14:00:00+00:00,56.3,702.0510833333333,30211.0,14840.0,30105.0
2025-09-28 15:00:00+00:00,56.3,702.3335000000001,29900.0,14666.0,29871.0
2025-09-28 16:00:00+00:00,48.2,702.516,30104.0,14609.0,29727.0
2025-09-28 17:00:00+00:00,46.400000000000006,702.7494166666667,29841.0,14498.0,29554.0
2025-09-28 18:00:00+00:00,42.8,702.8383333333333,29766.0,14559.0,29793.0
2025-09-28 19:00:00+00:00,41.9,702.6556666666667,29943.0,14738.0,29800.0
2025-09-28 20:00:00+00:00,41.0,702.4503333333333,29599.0,14290.0,29475.0
2025-09-28 21:00:00+00:00,38.3,702.2066666666666,29893.0,14610.0,29875.0
2025-09-28 22:00:00+00:00,38.3,702.0414999999999,30011.0,14783.0,30119.0
2025-09-28 23:00:00+00:00,38.3,701.587,30378.0,14813.0,30234.0
2025-09-29 00:00:00+00:00,36.5,701.1784166666666,30253.0,14816.0,29951.0
2025-09-29 01:00:00+00:00,44.6,701.1320833333333,30233.0,14777.0,30117.0
2025-09-29 02:00:00+00:00,56.3,700.8556666666667,29992.0,14708.0,30035.0
2025-09-29 03:00:00+00:00,65.30000000000001,700.7964999999999,30276.0,14783.0,30065.0
2025-09-29 04:00:00+00:00,68.0,700.9857499999999,30280.0,14713.0,29941.0
2025-09-29 05:00:00+00:00,68.9,701.02,30438.0,14879.0,29937.0
2025-09-29 06:00:00+00:00,70.69999999999999,700.92575,30119.0,14691.0,30026.0
2025-09-29 07:00:00+00:00,71.6,700.7434166666667,30401.0,14904.0,30142.0
2025-09-29 08:00:00+00:00,73.4,700.6759166666667,30215.0,14692.0,30123.0
2025-09-29 09:00:00+00:00,72.5,700.6700000000001,30196.0,14823.0,30188.0
2025-09-29 10:00:00+00:00,70.69999999999999,700.7344166666667,30040.0,14747.0,30006.0
2025-09-29 11:00:00+00:00,67.1,700.5920833333333,29906.0,14523.0,29832.0
2025-09-29 12:00:00+00:00,62.6,700.5719166666667,30050.0,14584.0,29814.0
2025-09-29 13:00:00+00:00,59.0,700.5210833333334,30012.0,14577.0,29562.0
2025-09-29 14:00:00+00:00,57.2,700.4694166666667,30076.0,14578.0,29966.0
2025-09-29 15:00:00+00:00,56.3,700.3384166666666,30037.0,14742.0,29946.0
2025-09-29 16:00:00+00:00,53.6,700.4426666666667,29979.0,14856.0,30262.0
2025-09-29 17:00:00+00:00,52.7,700.3683333333333,30181.0,14621.0,29879.0
2025-09-29 18:00:00+00:00,53.6,700.2111666666666,30224.0,14694.0,30266.0
2025-09-29 19:00:00+00:00,44.6,699.8382499999999,30447.0,14758.0,30073.0
2025-09-29 20:00:00+00:00,43.7,699.437,30296.0,14771.0,30145.0
2025-09-29 21:00:00+00:00,41.0,699.1342500000001,30429.0,14868.0,30306.0
2025-09-29 22:00:00+00:00,37.400000000000006,698.86675,30527.0,14864.0,30308.0
2025-09-29 23:00:00+00:00,38.3,698.2755000000001,30675.0,14937.0,30485.0
2025-09-30 00:00:00+00:00,38.3,698.07975,30234.0,14669.0,30064.0
2025-09-30 01:00:00+00:00,45.5,697.7566666666667,30818.0,15050.0,30615.0
2025-09-30 02:00:00+00:00,54.5,697.5980833333333,30472.0,14869.0,30257.0
2025-09-30 03:00:00+00:00,61.7,697.5908333333333,30833.0,14980.0,30499.0
2025-09-30 04:00:00+00:00,65.30000000000001,697.4953333333333,30792.0,14867.0,30488.0
2025-09-30 05:00:00+00:00,66.2,697.7616666666667,30672.0,15030.0,30494.0
2025-09-30 06:00:00+00:00,67.1,697.7971666666667,30719.0,14992.0,30318.0
2025-09-30 07:00:00+00:00,68.0,697.797,30409.0,14620.0,30180.0
2025-09-30 08:00:00+00:00,65.30000000000001,697.7924166666667,30309.0,14742.0,30029.0
2025-09-30 09:00:00+00:00,62.6,697.6254166666668,30730.0,14908.0,30456.0
2025-09-30 10:00:00+00:00,59.0,697.70975,30834.0,15120.0,30696.0
2025-09-30 11:00:00+00:00,53.6,697.6295833333334,30744.0,14969.0,30500.0
2025-09-30 12:00:00+00:00,51.8,698.1055833333334,30739.0,14984.0,30518.0
2025-09-30 13:00:00+00:00,51.79999999999999,698.3801666666667,30833.0,15011.0,30685.0
2025-09-30 14:00:00+00:00,50.9,698.4605,30722.0,15049.0,30703.0
2025-09-30 15:00:00+00:00,46.400000000000006,698.75425,30737.0,15132.0,30610.0
2025-09-30 16:00:00+00:00,43.7,698.85025,30316.0,14919.0,30470.0
2025-09-30 17:00:00+00:00,42.8,698.6180833333333,30885.0,15099.0,31001.0
2025-09-30 18:00:00+00:00,41.9,698.8425833333334,30849.0,15072.0,30523.0
2025-09-30 19:00:00+00:00,42.8,698.7655833333333,31050.0,14947.0,30628.0
2025-09-30 20:00:00+00:00,41.0,698.4519166666665,31054.0,15104.0,30534.0
2025-09-30 21:00:00+00:00,41.9,698.34525,30785.0,15059.0,30707.0
2025-09-30 22:00:00+00:00,41.0,697.9866666666667,30859.0,15196.0,30397.0
2025-09-30 23:00:00+00:00,41.9,697.75225,30608.0,14896.0,30449.0
2025-10-01 00:00:00+00:00,43.7,697.6440833333332,31012.0,15236.0,30803.0
2025-10-01 01:00:00+00:00,49.1,697.6490833333334,30613.0,15007.0,30629.0
2025-10-01 02:00:00+00:00,52.7,697.6714166666667,31197.0,15171.0,30795.0
2025-10-01 03:00:00+00:00,55.4,697.8276666666667,31085.0,15181.0,30700.0
2025-10-01 04:00:00+00:00,56.3,697.9646666666666,30827.0,15209.0,30648.0
2025-10-01 05:00:00+00:00,59.9,698.1307499999999,31009.0,15101.0,30654.0
2025-10-01 06:00:00+00:00,60.8,698.2656666666667,30845.0,14819.0,30425.0
2025-10-01 07:00:00+00:00,63.5,698.3679166666666,30743.0,15016.0,30738.0
2025-10-01 08:00:00+00:00,64.4,698.4770833333333,30426.0,14674.0,30252.0
2025-10-01 09:00:00+00:00,64.4,698.3049166666666,30493.0,14942.0,30435.0
2025-10-01 10:00:00+00:00,63.5,698.0989166666667,30703.0,15162.0,30667.0
2025-10-01 11:00:00+00:00,61.7,697.9265,30723.0,14910.0,30553.0
2025-10-01 12:00:00+00:00,57.65,697.9611666666666,30705.0,14864.0,30562.0
2025-10-01 13:00:00+00:00,53.0,698.0576666666666,30942.0,15039.0,30519.0
2025-10-01 14:00:00+00:00,51.79999999999999,697.9415833333333,31127.0,15549.0,31010.0
2025-10-01 15:00:00+00:00,52.7,697.85725,30604.0,14927.0,30573.0
2025-10-01 16:00:00+00:00,52.7,698.0779166666666,30716.0,14905.0,30415.0
2025-10-01 17:00:00+00:00,51.8,698.10675,30674.0,14883.0,30174.0
2025-10-01 18:00:00+00:00,51.8,697.9553333333333,30605.0,14955.0,30428.0
2025-10-01 19:00:00+00:00,50.0,697.9685833333333,30582.0,14786.0,30132.0
2025-10-01 20:00:00+00:00,50.9,697.8138333333333,30493.0,14840.0,30555.0
2025-10-01 21:00:00+00:00,50.0,697.7256666666667,30697.0,14899.0,30547.0
2025-10-01 22:00:00+00:00,50.0,697.58775,30544.0,14985.0,30473.0
2025-10-01 23:00:00+00:00,49.1,697.3726666666666,30642.0,15001.0,30532.0
2025-10-02 00:00:00+00:00,45.5,697.3175833333333,30749.0,15124.0,30936.0
2025-10-02 01:00:00+00:00,50.9,697.1641666666666,31070.0,15455.0,31105.0
2025-10-02 02:00:00+00:00,53.6,697.34325,31168.0,15204.0,30925.0
2025-10-02 03:00:00+00:00,56.3,697.5875,30566.0,15037.0,30599.0
2025-10-02 04:00:00+00:00,58.1,697.864,30769.0,14802.0,30302.0
2025-10-02 05:00:00+00:00,59.9,698.2086666666665,30962.0,15038.0,30420.0
2025-10-02 06:00:00+00:00,61.7,698.4074166666666,30261.0,14700.0,30141.0
2025-10-02 07:00:00+00:00,63.5,698.6048333333333,30688.0,14939.0,30463.0
2025-10-02 08:00:00+00:00,64.4,698.8018333333333,30846.0,15150.0,30752.0
2025-10-02 09:00:00+00:00,64.4,698.8474166666666,30705.0,14810.0,30259.0
2025-10-02 10:00:00+00:00,62.6,698.8691666666667,30487.0,15077.0,30543.0
2025-10-02 11:00:00+00:00,61.7,698.9754166666667,30644.0,14932.0,30322.0
2025-10-02 12:00:00+00:00,58.1,698.8094166666666,30467.0,14763.0,30200.0
2025-10-02 13:00:00+00:00,55.4,698.9055833333333,30560.0,15141.0,30804.0
2025-10-02 14:00:00+00:00,54.5,699.1544615384615,30425.0,14967.0,30468.5
2025-10-02 15:00:00+00:00,53.6,699.4159,30425.0,14967.0,30468.5
2025-10-02 16:00:00+00:00,52.7,699.6911666666666,30425.0,14967.0,30468.5
2025-10-02 17:00:00+00:00,51.8,699.8721666666667,30290.0,14793.0,30133.0
2025-10-02 18:00:00+00:00,50.9,699.9665,30591.0,14744.0,30108.0
2025-10-02 19:00:00+00:00,50.9,699.9245833333333,30057.0,14761.0,30080.0
2025-10-02 20:00:00+00:00,49.1,699.8868333333334,30125.0,14488.0,29673.0
2025-10-02 21:00:00+00:00,48.2,699.8845,30543.0,14901.0,30257.0
2025-10-02 22:00:00+00:00,47.3,699.90175,30570.0,14820.0,30192.0
2025-10-02 23:00:00+00:00,48.2,699.5288333333333,30504.0,14968.0,30171.0
2025-10-03 00:00:00+00:00,49.1,699.4400833333333,30512.0,15014.0,30186.0
2025-10-03 01:00:00+00:00,50.9,699.7178333333333,30436.0,14838.0,30136.0
2025-10-03 02:00:00+00:00,52.7,699.7929166666667,30381.0,14778.0,30081.0
2025-10-03 03:00:00+00:00,54.5,699.8195000000001,30102.0,14681.0,30127.0
2025-10-03 04:00:00+00:00,57.2,700.2515833333333,30414.0,14747.0,30091.0
2025-10-03 05:00:00+00:00,59.0,700.5789166666667,30317.0,14639.0,30104.0
2025-10-03 06:00:00+00:00,63.5,700.71925,30471.0,14890.0,30092.0
2025-10-03 07:00:00+00:00,66.2,700.7744166666666,30487.0,14839.0,30234.0
2025-10-03 08:00:00+00:00,67.1,700.9544166666666,30046.0,14579.0,29998.0
2025-10-03 09:00:00+00:00,68.9,701.0189999999999,30091.0,14623.0,29772.0
2025-10-03 10:00:00+00:00,70.69999999999999,701.1333333333333,29735.0,14536.0,29686.0
2025-10-03 11:00:00+00:00,66.2,701.3965833333333,29947.0,14743.0,30099.0
2025-10-03 12:00:00+00:00,60.8,701.5134166666667,30169.0,14850.0,30032.0
2025-10-03 13:00:00+00:00,57.2,701.6229166666667,29906.0,14448.0,29825.0
2025-10-03 14:00:00+00:00,52.7,701.7555000000001,29839.0,14655.0,29615.0
2025-10-03 15:00:00+00:00,50.9,702.0107499999999,29881.0,14528.0,29649.0
2025-10-03 16:00:00+00:00,45.5,702.3155,30184.0,14798.0,29918.0
2025-10-03 17:00:00+00:00,42.8,702.6353333333333,29985.0,14580.0,29447.0
2025-10-03 18:00:00+00:00,41.0,702.9465,30087.0,14811.0,29868.0
2025-10-03 19:00:00+00:00,41.0,703.04975,29892.0,14585.0,29734.0
2025-10-03 20:00:00+00:00,37.4,703.1932499999999,30157.0,14663.0,29815.0
2025-10-03 21:00:00+00:00,36.5,703.4578333333334,30262.0,14612.0,29626.0
2025-10-03 22:00:00+00:00,34.7,703.59075,30065.0,14743.0,29828.0
2025-10-03 23:00:00+00:00,32.0,703.565,29659.0,14423.0,29458.0
2025-10-04 00:00:00+00:00,32.9,703.6010833333333,29752.0,14614.0,29617.0
2025-10-04 01:00:00+00:00,40.1,703.8114166666668,29950.0,14699.0,29857.0
2025-10-04 02:00:00+00:00,50.0,703.98425,29735.0,14522.0,29437.0
2025-10-04 03:00:00+00:00,57.2,704.1529999999999,29654.0,14681.0,29685.0
2025-10-04 04:00:00+00:00,64.4,704.4305833333333,29870.0,14528.0,29634.0
2025-10-04 05:00:00+00:00,68.0,704.7854166666666,29613.0,14477.0,29552.0
2025-10-04 06:00:00+00:00,68.9,705.067,30037.0,14601.0,29835.0
2025-10-04 07:00:00+00:00,71.6,705.3386666666667,29764.0,14501.0,29592.0
2025-10-04 08:00:00+00:00,73.4,705.6178333333334,29636.0,14402.0,29397.0
2025-10-04 09:00:00+00:00,73.4,705.6149166666665,29576.0,14447.0,29746.0
2025-10-04 10:00:00+00:00,72.5,705.6195833333333,29660.0,14581.0,29548.0
2025-10-04 11:00:00+00:00,68.0,705.5970833333334,29471.0,14519.0,29415.0
2025-10-04 12:00:00+00:00,58.1,705.6095,29165.0,14352.0,29305.0
2025-10-04 13:00:00+00:00,57.2,705.7525,29123.0,14325.0,29127.0
2025-10-04 14:00:00+00:00,57.2,705.7234166666667,28982.0,14094.0,29077.0
2025-10-04 15:00:00+00:00,49.1,705.681,29539.0,14444.0,29233.0
2025-10-04 16:00:00+00:00,44.6,705.8081666666667,30004.0,14615.0,29511.0
2025-10-04 17:00:00+00:00,41.0,705.8958333333334,29754.0,14503.0,29495.0
2025-10-04 18:00:00+00:00,41.9,705.99575,29673.0,14403.0,29348.0
2025-10-04 19:00:00+00:00,37.4,705.86875,29422.0,14307.0,29313.0
2025-10-04 20:00:00+00:00,37.4,705.6799166666666,29366.0,14422.0,29436.0
2025-10-04 21:00:00+00:00,35.6,705.3603333333334,29398.0,14420.0,29467.0
2025-10-04 22:00:00+00:00,33.8,705.172,29339.0,14335.0,29363.0
2025-10-04 23:00:00+00:00,34.7,704.8960000000001,29916.0,14728.0,29801.0
2025-10-05 00:00:00+00:00,35.599999999999994,704.6059166666668,29659.0,14537.0,29733.0
2025-10-05 01:00:00+00:00,41.0,704.373,29790.0,14527.0,29881.0
2025-10-05 02:00:00+00:00,50.900000000000006,704.0911666666667,29756.0,14621.0,29617.0
2025-10-05 03:00:00+00:00,59.9,703.9436666666667,29864.0,14465.0,29688.0
2025-10-05 04:00:00+00:00,67.1,703.9789999999999,30149.0,14609.0,29871.0
2025-10-05 05:00:00+00:00,68.9,704.1470833333333,30063.0,14513.0,29671.0
2025-10-05 06:00:00+00:00,70.69999999999999,704.4020833333334,29802.0,14487.0,29818.0
2025-10-05 07:00:00+00:00,75.2,704.3318333333333,29957.0,14547.0,29693.0
2025-10-05 08:00:00+00:00,75.2,704.0096666666667,29726.0,14545.0,29638.0
2025-10-05 09:00:00+00:00,74.30000000000001,703.654,29747.0,14408.0,29413.0
2025-10-05 10:00:00+00:00,73.4,703.58325,29921.0,14708.0,30053.0
2025-10-05 11:00:00+00:00,68.9,703.4098333333333,29616.0,14549.0,29896.0
2025-10-05 12:00:00+00:00,63.5,702.962,29696.0,14548.0,29616.0
2025-10-05 13:00:00+00:00,61.7,702.7540833333333,29520.0,14378.0,29450.0
2025-10-05 14:00:00+00:00,59.900000000000006,702.59625,29722.0,14389.0,29327.0
2025-10-05 15:00:00+00:00,56.3,702.64225,29780.0,14549.0,29807.0
2025-10-05 16:00:00+00:00,48.2,702.7269166666666,30012.0,14696.0,30207.0
2025-10-05 17:00:00+00:00,47.3,702.6044166666667,30075.0,14698.0,29848.0
2025-10-05 18:00:00+00:00,43.7,702.4272500000001,30035.0,14682.0,29690.0
2025-10-05 19:00:00+00:00,41.0,702.1930000000001,29717.0,14575.0,29577.0
2025-10-05 20:00:00+00:00,40.1,701.9814166666666,30189.0,14830.0,29968.0
2025-10-05 21:00:00+00:00,38.3,698.603,30521.0,15004.5,30453.5
2025-10-05 22:00:00+00:00,38.3,,30521.0,15004.5,30453.5
2025-10-05 23:00:00+00:00,36.5,,30521.0,15004.5,30453.5
2025-10-06 00:00:00+00:00,36.5,,30521.0,15004.5,30453.5
2025-10-06 01:00:00+00:00,43.7,,30521.0,15004.5,30453.5
2025-10-06 02:00:00+00:00,54.5,,30521.0,15004.5,30453.5
2025-10-06 03:00:00+00:00,62.6,,30521.0,15004.5,30453.5
2025-10-06 04:00:00+00:00,68.9,,30521.0,15004.5,30453.5
2025-10-06 05:00:00+00:00,71.6,,30521.0,15004.5,30453.5
2025-10-06 06:00:00+00:00,73.4,,30521.0,15004.5,30453.5
2025-10-06 07:00:00+00:00,75.2,,30521.0,15004.5,30453.5
2025-10-06 08:00:00+00:00,75.2,,30521.0,15004.5,30453.5
2025-10-06 09:00:00+00:00,75.2,,30521.0,15004.5,30453.5
2025-10-06 10:00:00+00:00,72.5,,30521.0,15004.5,30453.5
2025-10-06 11:00:00+00:00,68.0,,30521.0,15004.5,30453.5
2025-10-06 12:00:00+00:00,63.5,,30521.0,15004.5,30453.5
2025-10-06 13:00:00+00:00,60.8,,30521.0,15004.5,30453.5
2025-10-06 14:00:00+00:00,57.2,,30521.0,15004.5,30453.5
2025-10-06 15:00:00+00:00,50.9,,30521.0,15004.5,30453.5
2025-10-06 16:00:00+00:00,47.3,,30521.0,15004.5,30453.5
2025-10-06 17:00:00+00:00,46.400000000000006,,30521.0,15004.5,30453.5
2025-10-06 18:00:00+00:00,45.5,,30521.0,15004.5,30453.5
2025-10-06 19:00:00+00:00,41.9,,30521.0,15004.5,30453.5
2025-10-06 20:00:00+00:00,40.1,,30521.0,15004.5,30453.5
2025-10-06 21:00:00+00:00,40.1,,30521.0,15004.5,30453.5
2025-10-06 22:00:00+00:00,37.4,,30521.0,15004.5,30453.5
2025-10-06 23:00:00+00:00,35.6,,30521.0,15004.5,30453.5
2025-10-07 00:00:00+00:00,35.6,,30521.0,15004.5,30453.5
2025-10-07 01:00:00+00:00,44.6,,30521.0,15004.5,30453.5
2025-10-07 02:00:00+00:00,54.5,,30521.0,15004.5,30453.5
2025-10-07 03:00:00+00:00,62.6,,30521.0,15004.5,30453.5
2025-10-07 04:00:00+00:00,67.1,,30521.0,15004.5,30453.5
2025-10-07 05:00:00+00:00,70.69999999999999,,30521.0,15004.5,30453.5
2025-10-07 06:00:00+00:00,71.6,,30521.0,15004.5,30453.5
2025-10-07 07:00:00+00:00,72.5,,30521.0,15004.5,30453.5
2025-10-07 08:00:00+00:00,71.6,,30521.0,15004.5,30453.5
2025-10-07 09:00:00+00:00,71.6,,30521.0,15004.5,30453.5
2025-10-07 10:00:00+00:00,69.8,,30521.0,15004.5,30453.5
2025-10-07 11:00:00+00:00,67.1,,30521.0,15004.5,30453.5
2025-10-07 12:00:00+00:00,63.5,,30521.0,15004.5,30453.5
2025-10-07 13:00:00+00:00,60.8,,30521.0,15004.5,30453.5
2025-10-07 14:00:00+00:00,57.2,,30521.0,15004.5,30453.5
2025-10-07 15:00:00+00:00,48.2,,30521.0,15004.5,30453.5
2025-10-07 16:00:00+00:00,48.2,,30521.0,15004.5,30453.5
2025-10-07 17:00:00+00:00,46.4,,30521.0,15004.5,30453.5
2025-10-07 18:00:00+00:00,44.6,,30521.0,15004.5,30453.5
2025-10-07 19:00:00+00:00,42.8,,30521.0,15004.5,30453.5
2025-10-07 20:00:00+00:00,41.0,,30521.0,15004.5,30453.5
2025-10-07 21:00:00+00:00,41.9,,30521.0,15004.5,30453.5
2025-10-07 22:00:00+00:00,40.1,,30521.0,15004.5,30453.5
2025-10-07 23:00:00+00:00,40.1,,30521.0,15004.5,30453.5
2025-10-08 00:00:00+00:00,37.4,,30521.0,15004.5,30453.5
2025-10-08 01:00:00+00:00,43.7,,30521.0,15004.5,30453.5
2025-10-08 02:00:00+00:00,54.5,,30521.0,15004.5,30453.5
2025-10-08 03:00:00+00:00,65.30000000000001,,30521.0,15004.5,30453.5
2025-10-08 04:00:00+00:00,70.69999999999999,,30521.0,15004.5,30453.5
2025-10-08 05:00:00+00:00,73.4,,30521.0,15004.5,30453.5
2025-10-08 06:00:00+00:00,73.4,,30521.0,15004.5,30453.5
2025-10-08 07:00:00+00:00,74.30000000000001,,30521.0,15004.5,30453.5
2025-10-08 08:00:00+00:00,73.4,,30521.0,15004.5,30453.5
2025-10-08 09:00:00+00:00,72.5,,30521.0,15004.5,30453.5
2025-10-08 10:00:00+00:00,69.8,,30521.0,15004.5,30453.5
2025-10-08 11:00:00+00:00,65.30000000000001,,30521.0,15004.5,30453.5
2025-10-08 12:00:00+00:00,61.7,,30521.0,15004.5,30453.5
2025-10-08 13:00:00+00:00,59.0,,30521.0,15004.5,30453.5
2025-10-08 14:00:00+00:00,53.6,,30521.0,15004.5,30453.5
2025-10-08 15:00:00+00:00,47.3,,30521.0,15004.5,30453.5
2025-10-08 16:00:00+00:00,50.0,,30521.0,15004.5,30453.5
2025-10-08 17:00:00+00:00,50.9,,30521.0,15004.5,30453.5
2025-10-08 18:00:00+00:00,50.0,,30521.0,15004.5,30453.5
2025-10-08 19:00:00+00:00,48.2,,30521.0,15004.5,30453.5
2025-10-08 20:00:00+00:00,47.3,,30521.0,15004.5,30453.5
2025-10-08 21:00:00+00:00,43.7,,30521.0,15004.5,30453.5
2025-10-08 22:00:00+00:00,44.6,,30521.0,15004.5,30453.5
2025-10-08 23:00:00+00:00,42.8,,30521.0,15004.5,30453.5
2025-10-09 00:00:00+00:00,41.0,,30521.0,15004.5,30453.5
2025-10-09 01:00:00+00:00,44.6,,30521.0,15004.5,30453.5
2025-10-09 02:00:00+00:00,53.6,,30521.0,15004.5,30453.5
2025-10-09 03:00:00+00:00,62.0,,30521.0,15004.5,30453.5
2025-10-09 04:00:00+00:00,64.4,,30521.0,15004.5,30453.5
2025-10-09 05:00:00+00:00,65.30000000000001,,30521.0,15004.5,30453.5
2025-10-09 06:00:00+00:00,68.0,,30521.0,15004.5,30453.5
2025-10-09 07:00:00+00:00,67.39999999999999,,30521.0,15004.5,30453.5
2025-10-09 08:00:00+00:00,64.4,,30521.0,15004.5,30453.5
2025-10-09 09:00:00+00:00,59.0,,30521.0,15004.5,30453.5
2025-10-09 10:00:00+00:00,57.2,,30521.0,15004.5,30453.5
2025-10-09 11:00:00+00:00,54.2,698.2553333333334,30521.0,15004.5,30453.5
2025-10-09 12:00:00+00:00,49.1,697.8158333333334,30521.0,15004.5,30453.5
2025-10-09 13:00:00+00:00,47.75,697.50225,30853.0,15179.0,30939.0
2025-10-09 14:00:00+00:00,44.6,697.2105833333334,30972.0,15072.0,30652.0
2025-10-09 15:00:00+00:00,42.8,696.9135833333333,30717.0,14957.0,30705.0
2025-10-09 16:00:00+00:00,44.6,697.2420000000001,30792.0,15081.0,30800.0
2025-10-09 17:00:00+00:00,42.8,697.2133333333333,30641.0,14836.0,30538.0
2025-10-09 18:00:00+00:00,43.7,697.11,30990.0,15114.0,30756.0
2025-10-09 19:00:00+00:00,44.6,697.2883333333333,30883.0,15057.0,30800.0
2025-10-09 20:00:00+00:00,42.8,697.7955833333334,30915.0,14940.0,30576.0
2025-10-09 21:00:00+00:00,41.0,697.7903333333334,31043.0,15233.0,30736.0
2025-10-09 22:00:00+00:00,38.3,697.6455833333333,30767.0,15001.0,30404.0
2025-10-09 23:00:00+00:00,37.4,697.3214166666667,30974.0,15252.0,30899.0
2025-10-10 00:00:00+00:00,35.6,697.3421666666667,31048.0,15076.0,30709.0
2025-10-10 01:00:00+00:00,40.1,697.3878333333333,31007.0,15106.0,31333.0
2025-10-10 02:00:00+00:00,44.6,697.3091666666666,30990.0,15101.0,30887.0
2025-10-10 03:00:00+00:00,46.4,697.1226666666666,30984.0,15157.0,30831.0
2025-10-10 04:00:00+00:00,48.2,697.2668333333332,30765.0,15201.0,30784.0
2025-10-10 05:00:00+00:00,50.9,697.5835833333334,31057.0,14967.0,30271.0
2025-10-10 06:00:00+00:00,51.8,697.8905,30893.0,15095.0,30809.0
2025-10-10 07:00:00+00:00,53.6,698.2669999999999,30791.0,14982.0,30605.0
2025-10-10 08:00:00+00:00,53.6,698.5691666666667,30894.0,14904.0,30650.0
2025-10-10 09:00:00+00:00,52.7,698.7560833333333,30703.0,15057.0,30892.0
2025-10-10 10:00:00+00:00,51.8,698.7773333333333,30739.0,14931.0,30504.0
2025-10-10 11:00:00+00:00,50.9,698.9965833333334,30741.0,15012.0,30409.0
2025-10-10 12:00:00+00:00,46.400000000000006,699.0240833333334,30914.0,14993.0,30480.0
2025-10-10 13:00:00+00:00,45.5,699.1009166666666,30850.0,15072.0,30759.0
2025-10-10 14:00:00+00:00,41.9,698.9378333333334,30948.0,15006.0,30610.0
2025-10-10 15:00:00+00:00,39.2,699.2033333333334,30863.0,15116.0,30630.0
2025-10-10 16:00:00+00:00,39.2,699.2206666666667,30726.0,15015.0,30691.0
2025-10-10 17:00:00+00:00,35.599999999999994,698.9859166666666,30889.0,15031.0,30703.0
2025-10-10 18:00:00+00:00,34.7,698.7684166666667,30665.0,15183.0,30772.0
2025-10-10 19:00:00+00:00,36.5,698.5674166666668,30830.0,14984.0,30502.0
2025-10-10 20:00:00+00:00,35.6,698.2976666666667,30908.0,15010.0,30893.0
2025-10-10 21:00:00+00:00,32.9,698.1036666666668,30753.0,15030.0,30507.0
2025-10-10 22:00:00+00:00,32.0,697.71425,31046.0,15242.0,30934.0
2025-10-10 23:00:00+00:00,31.1,697.18975,30915.0,14876.0,30470.0
2025-10-11 00:00:00+00:00,28.4,696.9405833333334,31144.0,15268.0,30980.0
2025-10-11 01:00:00+00:00,36.5,696.7904166666667,31395.0,15376.0,30936.0
2025-10-11 02:00:00+00:00,42.8,696.5661666666666,31381.0,15454.0,31245.0
2025-10-11 03:00:00+00:00,46.4,696.395,30868.0,15059.0,30775.0
2025-10-11 04:00:00+00:00,50.0,696.5583333333334,31126.0,15264.0,31044.0
2025-10-11 05:00:00+00:00,51.8,697.3036666666667,31065.0,15187.0,30951.0
2025-10-11 06:00:00+00:00,53.6,697.535,31108.0,15212.0,31005.0
2025-10-11 07:00:00+00:00,56.3,697.5799166666667,30940.0,15066.0,30859.0
2025-10-11 08:00:00+00:00,57.2,697.5945,31108.0,15141.0,30825.0
2025-10-11 09:00:00+00:00,58.1,697.506,30858.0,15006.0,30635.0
2025-10-11 10:00:00+00:00,57.2,697.3305833333334,31333.0,15243.0,31108.0
2025-10-11 11:00:00+00:00,53.6,697.1687499999999,31070.0,15167.0,31084.0
2025-10-11 12:00:00+00:00,49.1,697.1415000000001,31071.0,15235.0,31059.0
2025-10-11 13:00:00+00:00,47.3,697.0972499999999,30995.0,15093.0,30943.0
2025-10-11 14:00:00+00:00,45.5,697.1338333333333,31061.0,15121.0,30826.0
2025-10-11 15:00:00+00:00,41.9,697.1734166666666,30839.0,14933.0,30717.0
2025-10-11 16:00:00+00:00,35.6,697.1449166666666,31098.0,15319.0,31036.0
2025-10-11 17:00:00+00:00,32.9,697.2056666666667,31351.0,15267.0,31042.0
2025-10-11 18:00:00+00:00,31.1,697.2239166666667,30919.0,15085.0,30523.0
2025-10-11 19:00:00+00:00,30.2,697.2570000000001,31324.0,15482.0,31163.0
2025-10-11 20:00:00+00:00,29.3,697.0133333333333,31260.0,15235.0,31175.0
2025-10-11 21:00:00+00:00,28.4,696.9944166666668,31223.0,15123.0,30971.0
2025-10-11 22:00:00+00:00,26.6,696.823,31120.0,15232.0,31029.0
2025-10-11 23:00:00+00:00,24.8,696.6371666666668,31342.0,15175.0,31013.0
2025-10-12 00:00:00+00:00,26.6,696.42425,31041.0,15154.0,31010.0
2025-10-12 01:00:00+00:00,31.1,696.4873333333334,30881.0,14988.0,30678.0
2025-10-12 02:00:00+00:00,41.0,696.5649166666667,31180.0,15150.0,31221.0
2025-10-12 03:00:00+00:00,50.0,696.5174999999999,31019.0,15179.0,30993.0
2025-10-12 04:00:00+00:00,54.5,696.5948333333332,31221.0,15325.0,31045.0
2025-10-12 05:00:00+00:00,56.3,696.6385833333334,31061.0,14962.0,30620.0
2025-10-12 06:00:00+00:00,59.9,696.6973333333334,31289.0,15264.0,31089.0
2025-10-12 07:00:00+00:00,60.8,696.86425,31118.0,15175.0,30826.0
2025-10-12 08:00:00+00:00,60.8,696.8446666666667,31127.0,15167.0,31115.0
2025-10-12 09:00:00+00:00,59.9,696.6339166666667,30811.0,15067.0,30796.0
2025-10-12 10:00:00+00:00,57.2,696.3935,31315.0,15428.0,31243.0
2025-10-12 11:00:00+00:00,54.5,696.2563333333333,31331.0,15396.0,31195.0
2025-10-12 12:00:00+00:00,53.6,695.898,31423.0,15321.0,31237.0
2025-10-12 13:00:00+00:00,51.8,695.6276666666666,31649.0,15434.0,31497.0
2025-10-12 14:00:00+00:00,49.4,695.6936666666667,31405.0,15311.0,31468.0
2025-10-12 15:00:00+00:00,43.7,695.7825833333333,31489.0,15347.0,31189.0
2025-10-12 16:00:00+00:00,42.8,695.5136666666667,31257.0,15286.0,31097.0
2025-10-12 17:00:00+00:00,41.9,695.1495,31453.0,15288.0,31328.0
2025-10-12 18:00:00+00:00,41.0,695.026,31213.0,15189.0,30968.0
2025-10-12 19:00:00+00:00,39.2,694.7170833333333,31760.0,15494.0,31191.0
2025-10-12 20:00:00+00:00,34.4,694.276,31563.0,15348.0,31116.0
2025-10-12 21:00:00+00:00,32.0,693.8893333333334,31333.0,15325.0,31043.0
2025-10-12 22:00:00+00:00,32.0,693.4249166666667,31428.0,15540.0,31549.0
2025-10-12 23:00:00+00:00,32.0,692.7105833333334,31546.0,15438.0,31384.0
2025-10-13 00:00:00+00:00,32.0,692.46875,31470.0,15391.0,31239.0
2025-10-13 01:00:00+00:00,32.0,691.9569166666666,31658.0,15255.0,31345.0
2025-10-13 02:00:00+00:00,32.0,691.8611666666667,31442.0,15232.5,31254.0
2025-10-13 03:00:00+00:00,33.8,,31442.0,15232.5,31254.0
2025-10-13 04:00:00+00:00,33.8,,31442.0,15232.5,31254.0
2025-10-13 05:00:00+00:00,35.6,693.675,31442.0,15232.5,31254.0
2025-10-13 06:00:00+00:00,38.3,693.9295555555556,31442.0,15232.5,31254.0
2025-10-13 07:00:00+00:00,40.1,694.53975,31442.0,15232.5,31254.0
2025-10-13 08:00:00+00:00,44.6,695.0908333333333,31226.0,15210.0,31163.0
2025-10-13 09:00:00+00:00,44.6,695.5168333333332,30929.0,15030.0,31093.0
2025-10-13 10:00:00+00:00,44.6,695.9979166666667,31367.0,15369.0,31107.0
2025-10-13 11:00:00+00:00,42.8,696.5212499999999,34056.0,18320.0,34054.0
2025-10-13 12:00:00+00:00,41.0,696.9491666666667,42853.0,27180.0,43480.0
2025-10-13 13:00:00+00:00,38.3,697.4676666666666,42895.0,27050.0,43172.0
2025-10-13 14:00:00+00:00,35.6,697.74125,43588.0,28047.0,43949.0
2025-10-13 15:00:00+00:00,34.7,697.9828333333334,44179.0,28496.0,44494.0
2025-10-13 16:00:00+00:00,32.9,698.4404166666667,42457.0,26751.0,42851.0
2025-10-13 17:00:00+00:00,32.0,698.8826666666668,42547.0,26819.0,43077.0
2025-10-13 18:00:00+00:00,30.2,699.2145833333334,42633.0,27167.0,43091.0
2025-10-13 19:00:00+00:00,30.2,699.4684166666666,42753.0,26929.0,43116.0
2025-10-13 20:00:00+00:00,28.4,699.4549166666667,42401.0,27012.0,42954.0
2025-10-13 21:00:00+00:00,28.4,699.3009166666667,42857.0,27369.0,43439.0
2025-10-13 22:00:00+00:00,27.5,699.31775,42429.0,26754.0,42731.0
2025-10-13 23:00:00+00:00,26.6,699.3085,42453.0,26722.0,42892.0
2025-10-14 00:00:00+00:00,25.4,699.1750833333334,42075.0,26357.0,42105.0
2025-10-14 01:00:00+00:00,30.2,699.08025,41927.0,26451.0,42585.0
2025-10-14 02:00:00+00:00,37.400000000000006,698.9744166666666,36392.5,20736.0,36548.5
2025-10-14 03:00:00+00:00,40.1,,36392.5,20736.0,36548.5
2025-10-14 04:00:00+00:00,44.6,,36392.5,20736.0,36548.5
2025-10-14 05:00:00+00:00,49.1,,36392.5,20736.0,36548.5
2025-10-14 06:00:00+00:00,51.8,,36392.5,20736.0,36548.5
2025-10-14 07:00:00+00:00,53.6,,36392.5,20736.0,36548.5
2025-10-14 08:00:00+00:00,55.4,699.84825,36392.5,20736.0,36548.5
2025-10-14 09:00:00+00:00,55.4,699.8135000000001,36392.5,20736.0,36548.5
2025-10-14 10:00:00+00:00,54.5,699.7165,30858.0,15021.0,30512.0
2025-10-14 11:00:00+00:00,51.8,699.7908333333334,30979.0,15094.0,30472.0
2025-10-14 12:00:00+00:00,48.2,699.7407499999999,30726.0,15044.0,30582.0
2025-10-14 13:00:00+00:00,45.5,699.6233333333333,30745.0,14908.0,30437.0
2025-10-14 14:00:00+00:00,45.5,699.5831666666667,30763.0,15055.0,30656.0
2025-10-14 15:00:00+00:00,42.8,699.7105833333334,30546.0,14829.0,30540.0
2025-10-14 16:00:00+00:00,41.9,699.6327500000001,31148.0,15290.0,30818.0
2025-10-14 17:00:00+00:00,42.8,699.3964166666666,30514.0,14864.0,30801.0
2025-10-14 18:00:00+00:00,43.7,699.3385833333333,30735.0,15010.0,30774.0
2025-10-14 19:00:00+00:00,40.1,699.2332499999999,31054.0,15005.0,30751.0
2025-10-14 20:00:00+00:00,37.4,699.05625,31531.0,15431.0,31300.0
2025-10-14 21:00:00+00:00,33.8,698.8823333333333,31330.0,15250.0,31064.0
2025-10-14 22:00:00+00:00,33.8,698.8564166666666,31252.0,15302.0,30949.0
2025-10-14 23:00:00+00:00,31.1,698.7741666666667,31019.0,15034.0,30671.0
2025-10-15 00:00:00+00:00,30.2,698.6245,31060.0,15111.0,30960.0
2025-10-15 01:00:00+00:00,34.7,698.6123333333334,31578.0,15373.0,31043.0
2025-10-15 02:00:00+00:00,40.1,698.7001666666666,31135.5,15219.5,30788.5
2025-10-15 03:00:00+00:00,48.2,,31135.5,15219.5,30788.5
2025-10-15 04:00:00+00:00,52.7,,31135.5,15219.5,30788.5
2025-10-15 05:00:00+00:00,53.6,,31135.5,15219.5,30788.5
2025-10-15 06:00:00+00:00,56.3,,31135.5,15219.5,30788.5
2025-10-15 07:00:00+00:00,57.2,699.693,31135.5,15219.5,30788.5
2025-10-15 08:00:00+00:00,58.1,699.7407000000001,31135.5,15219.5,30788.5
2025-10-15 09:00:00+00:00,59.0,699.6541666666667,31135.5,15219.5,30788.5
2025-10-15 10:00:00+00:00,57.2,699.5524166666668,30693.0,15066.0,30534.0
2025-10-15 11:00:00+00:00,53.6,699.4433333333333,30669.0,15017.0,30642.0
2025-10-15 12:00:00+00:00,47.3,699.49175,30808.0,15059.0,30664.0
2025-10-15 13:00:00+00:00,45.5,699.4381666666667,31030.0,15166.0,30989.0
2025-10-15 14:00:00+00:00,43.7,699.4935,31080.0,15261.0,30927.0
2025-10-15 15:00:00+00:00,40.1,699.7530833333334,30906.0,15175.0,30755.0
2025-10-15 16:00:00+00:00,37.4,699.779,30993.0,15073.0,30523.0
2025-10-15 17:00:00+00:00,35.6,699.7685833333334,30670.0,14983.0,30472.0
2025-10-15 18:00:00+00:00,34.7,699.8629999999999,30784.0,14690.0,30377.0
2025-10-15 19:00:00+00:00,33.8,699.8553333333333,31058.0,15208.0,30901.0
2025-10-15 20:00:00+00:00,32.0,699.6605,30868.0,15137.0,30616.0
2025-10-15 21:00:00+00:00,31.1,699.5105833333333,30776.0,15076.0,30828.0
2025-10-15 22:00:00+00:00,30.2,699.5429166666667,30711.0,15115.0,30797.0
2025-10-15 23:00:00+00:00,29.3,699.3565833333333,30851.0,15213.0,30894.0
2025-10-16 00:00:00+00:00,29.3,699.3161666666666,31116.0,15055.0,30790.0
2025-10-16 01:00:00+00:00,32.6,699.3068333333334,30947.0,15223.0,30971.0
2025-10-16 02:00:00+00:00,40.1,699.33625,30860.0,14935.0,30556.0
2025-10-16 03:00:00+00:00,47.3,699.2100833333334,30880.0,15129.0,30661.0
2025-10-16 04:00:00+00:00,51.8,699.4691666666666,30636.0,14980.0,30398.0
2025-10-16 05:00:00+00:00,54.5,699.81875,30737.0,15051.0,30645.0
2025-10-16 06:00:00+00:00,58.1,700.0471666666666,30978.0,15067.0,30674.0
2025-10-16 07:00:00+00:00,58.1,700.2186666666666,30607.0,15106.0,30620.0
2025-10-16 08:00:00+00:00,59.0,700.4465,30694.0,14970.0,30370.0
2025-10-16 09:00:00+00:00,59.9,700.4109166666667,30672.0,14963.0,30594.0
2025-10-16 10:00:00+00:00,59.0,700.3763333333333,30907.0,14996.0,30743.0
2025-10-16 11:00:00+00:00,53.6,700.4445833333333,30644.0,15101.0,30495.0
2025-10-16 12:00:00+00:00,50.0,700.5163333333334,30890.0,15187.0,30666.0
2025-10-16 13:00:00+00:00,43.7,700.6553333333333,30797.0,14951.0,30628.0
2025-10-16 14:00:00+00:00,44.6,700.9631666666668,30638.0,14841.0,30694.0
2025-10-16 15:00:00+00:00,39.2,701.2210833333334,30716.0,14995.0,30571.0
2025-10-16 16:00:00+00:00,39.2,701.4755833333334,30949.0,15070.0,30433.0
2025-10-16 17:00:00+00:00,36.5,701.7294166666667,30628.0,14902.0,30178.0
2025-10-16 18:00:00+00:00,34.7,701.8105833333333,30648.0,15079.0,30573.0
2025-10-16 19:00:00+00:00,34.7,701.8838333333333,30333.0,14766.0,30200.0
2025-10-16 20:00:00+00:00,32.9,701.7498333333333,30713.0,14928.0,30173.0
2025-10-16 21:00:00+00:00,32.9,701.69,30721.0,14929.0,30333.0
2025-10-16 22:00:00+00:00,30.2,701.65675,30534.0,14871.0,30421.0
2025-10-16 23:00:00+00:00,30.2,701.4843333333333,30387.0,14756.0,30179.0
2025-10-17 00:00:00+00:00,30.2,701.4745833333333,30215.0,14710.0,30217.0
2025-10-17 01:00:00+00:00,33.8,701.5229166666667,30555.0,14909.0,30328.0
2025-10-17 02:00:00+00:00,39.2,701.4706666666666,30555.0,14987.0,30499.0
2025-10-17 03:00:00+00:00,47.3,701.5974166666666,30663.0,15027.0,30433.0
2025-10-17 04:00:00+00:00,51.8,702.0485833333333,30263.0,14763.0,30007.0
2025-10-17 05:00:00+00:00,57.2,702.474,30660.0,15239.0,30632.0
2025-10-17 06:00:00+00:00,59.0,702.8055833333333,30230.0,14710.0,30195.0
2025-10-17 07:00:00+00:00,60.8,703.0021666666667,30106.0,14854.0,30174.0
2025-10-17 08:00:00+00:00,60.8,703.0826666666667,30329.0,14849.0,30085.0
2025-10-17 09:00:00+00:00,60.8,702.8782500000001,30276.0,14756.0,30208.0
2025-10-17 10:00:00+00:00,60.8,702.78075,30337.0,14804.0,30328.0
2025-10-17 11:00:00+00:00,55.4,702.9250000000001,30371.0,14714.0,30059.0
2025-10-17 12:00:00+00:00,49.1,702.8755833333333,30280.0,14611.0,29945.0
2025-10-17 13:00:00+00:00,46.4,703.0154166666666,30081.0,14666.0,29964.0
2025-10-17 14:00:00+00:00,47.3,703.1861666666667,30093.0,14661.0,29990.0
2025-10-17 15:00:00+00:00,41.0,703.4651666666667,30172.0,14634.0,30128.0
2025-10-17 16:00:00+00:00,38.3,703.5363333333333,30548.0,15050.0,30265.0
2025-10-17 17:00:00+00:00,35.6,703.66375,30314.0,14864.0,30099.0
2025-10-17 18:00:00+00:00,35.6,703.8137499999999,30449.0,14924.0,30268.0
2025-10-17 19:00:00+00:00,33.8,703.7265833333332,30080.0,14802.0,30066.0
2025-10-17 20:00:00+00:00,32.9,703.4446666666666,30057.0,14580.0,29753.0
2025-10-17 21:00:00+00:00,32.0,703.37675,30164.0,14817.0,30186.0
2025-10-17 22:00:00+00:00,30.2,703.1405833333333,30360.0,14867.0,30251.0
2025-10-17 23:00:00+00:00,30.2,702.8731666666666,30141.0,14809.0,29932.0
2025-10-18 00:00:00+00:00,29.3,702.5803333333333,30266.0,14899.0,30481.0
2025-10-18 01:00:00+00:00,32.0,702.6304166666667,30131.0,14748.0,30027.0
2025-10-18 02:00:00+00:00,40.1,702.7072499999999,30326.0,14944.0,30060.0
2025-10-18 03:00:00+00:00,48.2,702.7878333333333,30042.0,14649.0,30130.0
2025-10-18 04:00:00+00:00,53.6,702.9556666666667,29879.0,14610.0,29999.0
2025-10-18 05:00:00+00:00,58.1,703.26175,30317.0,14706.0,30040.0
2025-10-18 06:00:00+00:00,60.8,703.3721666666667,30344.0,14710.0,30250.0
2025-10-18 07:00:00+00:00,62.6,703.41925,29901.0,14468.0,29847.0
2025-10-18 08:00:00+00:00,63.5,703.2606666666667,30464.0,15000.0,30161.0
2025-10-18 09:00:00+00:00,64.4,702.9346666666667,30159.0,14772.0,30078.0
2025-10-18 10:00:00+00:00,62.6,702.5715,30089.0,14690.0,29891.0
2025-10-18 11:00:00+00:00,57.2,702.4041666666667,30182.0,14805.0,30172.0
2025-10-18 12:00:00+00:00,52.7,702.2133333333333,29765.0,14512.0,29871.0
2025-10-18 13:00:00+00:00,47.3,701.9343333333333,29993.0,14764.0,30093.0
2025-10-18 14:00:00+00:00,45.5,701.7309999999999,30274.0,14667.0,30141.0
2025-10-18 15:00:00+00:00,41.0,701.6585833333334,30393.0,14799.0,30216.0
2025-10-18 16:00:00+00:00,39.2,701.5147499999999,30438.0,14872.0,30338.0
2025-10-18 17:00:00+00:00,35.6,701.456,30387.0,14859.0,30503.0
2025-10-18 18:00:00+00:00,35.6,701.4076666666666,30809.0,14842.0,30367.0
2025-10-18 19:00:00+00:00,34.7,701.2504166666666,30586.0,15030.0,30434.0
2025-10-18 20:00:00+00:00,32.0,701.0746666666668,30421.0,14834.0,30428.0
2025-10-18 21:00:00+00:00,32.9,700.9317500000001,30587.0,14736.0,30228.0
2025-10-18 22:00:00+00:00,32.0,700.7045833333333,30543.0,14890.0,30505.0
2025-10-18 23:00:00+00:00,31.1,700.2345,30335.0,14821.0,30266.0
2025-10-19 00:00:00+00:00,30.2,700.0219166666667,30625.0,14784.0,30306.0
2025-10-19 01:00:00+00:00,32.9,699.9526666666667,30745.0,15006.0,30547.0
2025-10-19 02:00:00+00:00,40.1,699.8755,30708.0,15035.0,30648.0
2025-10-19 03:00:00+00:00,47.3,699.8559166666668,30618.0,15060.0,30319.0
2025-10-19 04:00:00+00:00,53.6,700.1191666666667,30773.0,14971.0,30535.0
2025-10-19 05:00:00+00:00,57.2,700.2584166666667,30497.0,14897.0,30281.0
2025-10-19 06:00:00+00:00,58.1,700.3598333333333,30200.0,14669.0,29947.0
2025-10-19 07:00:00+00:00,61.7,700.2289999999999,30396.0,14809.0,30118.0
2025-10-19 08:00:00+00:00,62.6,699.89,30126.0,14675.0,30133.0
2025-10-19 09:00:00+00:00,61.7,699.4883333333333,30689.0,14860.0,30261.0
2025-10-19 10:00:00+00:00,59.9,699.2503333333334,30517.0,14872.0,30442.0
2025-10-19 11:00:00+00:00,53.6,698.9140000000001,30670.0,15257.0,30644.0
2025-10-19 12:00:00+00:00,50.0,698.7394166666667,30533.0,14972.0,30418.0
2025-10-19 13:00:00+00:00,47.3,698.572,30717.0,14918.0,30640.0
2025-10-19 14:00:00+00:00,47.3,698.5129166666667,30740.0,15015.0,30544.0
2025-10-19 15:00:00+00:00,41.900000000000006,698.6505000000001,30977.0,15197.0,30752.0
2025-10-19 16:00:00+00:00,39.2,698.6946666666666,31173.0,15326.0,31129.0
2025-10-19 17:00:00+00:00,41.0,698.6195833333333,30914.0,15115.0,30746.0
2025-10-19 18:00:00+00:00,38.3,698.6276666666666,30636.0,14883.0,30341.0
2025-10-19 19:00:00+00:00,39.2,698.4735000000001,30702.0,15053.0,30676.0
2025-10-19 20:00:00+00:00,40.1,698.2193333333333,30606.0,15082.0,30668.0
2025-10-19 21:00:00+00:00,41.0,697.815,30703.0,14761.0,30408.0
2025-10-19 22:00:00+00:00,41.0,697.5030833333334,31159.0,15173.0,30747.0
2025-10-19 23:00:00+00:00,41.0,697.0204166666666,30296.0,14907.0,30793.0
2025-10-20 00:00:00+00:00,42.8,696.746,30558.0,14801.0,30355.0
2025-10-20 01:00:00+00:00,45.8,696.4121666666666,30789.0,15010.0,30748.0
2025-10-20 02:00:00+00:00,45.5,696.24575,36620.5,20857.5,36845.5
2025-10-20 03:00:00+00:00,45.5,,36620.5,20857.5,36845.5
2025-10-20 04:00:00+00:00,44.6,,36620.5,20857.5,36845.5
2025-10-20 05:00:00+00:00,47.0,,36620.5,20857.5,36845.5
2025-10-20 06:00:00+00:00,50.9,,36620.5,20857.5,36845.5
2025-10-20 07:00:00+00:00,52.7,,36620.5,20857.5,36845.5
2025-10-20 08:00:00+00:00,53.6,696.49575,36620.5,20857.5,36845.5
2025-10-20 09:00:00+00:00,51.8,,36620.5,20857.5,36845.5
2025-10-20 10:00:00+00:00,50.9,,36620.5,20857.5,36845.5
2025-10-20 11:00:00+00:00,50.0,696.033,36620.5,20857.5,36845.5
2025-10-20 12:00:00+00:00,45.95,696.063,36620.5,20857.5,36845.5
2025-10-20 13:00:00+00:00,43.7,696.1016666666666,36620.5,20857.5,36845.5
2025-10-20 14:00:00+00:00,42.8,696.1915833333333,42452.0,26705.0,42943.0
2025-10-20 15:00:00+00:00,43.7,696.2785833333334,41288.0,25576.0,41661.0
2025-10-20 16:00:00+00:00,44.6,696.1234166666667,40740.0,25051.0,41159.0
2025-10-20 17:00:00+00:00,44.6,695.9313333333333,40704.0,24964.0,41084.0
2025-10-20 18:00:00+00:00,42.8,696.0799166666667,41051.0,25417.0,41665.0
2025-10-20 19:00:00+00:00,41.9,696.2426666666667,41129.0,25403.0,41544.0
2025-10-20 20:00:00+00:00,39.2,696.061,40834.0,25021.0,41145.0
2025-10-20 21:00:00+00:00,37.4,695.8420833333333,41078.0,25468.0,41735.0
2025-10-20 22:00:00+00:00,37.4,695.66675,40545.0,24797.0,41014.0
2025-10-20 23:00:00+00:00,38.3,695.3202500000001,40724.0,25038.0,40696.0
2025-10-21 00:00:00+00:00,38.3,694.9875833333334,40930.0,25127.0,41069.0
2025-10-21 01:00:00+00:00,37.4,694.81925,41185.0,25164.0,41423.0
2025-10-21 02:00:00+00:00,42.8,694.8204999999999,40964.0,25246.0,41280.0
2025-10-21 03:00:00+00:00,47.3,694.74925,42486.0,25981.0,42214.0
2025-10-21 04:00:00+00:00,50.0,694.8510833333333,41266.0,22578.0,38318.0
2025-10-21 05:00:00+00:00,52.7,695.3375833333333,41509.0,22709.0,38640.0
2025-10-21 06:00:00+00:00,53.6,695.7945,41485.0,22589.0,38892.0
2025-10-21 07:00:00+00:00,55.4,696.299,41415.0,22755.0,38921.0
2025-10-21 08:00:00+00:00,55.4,696.6019166666666,41613.0,23063.0,39303.0
2025-10-21 09:00:00+00:00,55.4,696.8025833333332,41480.0,23097.0,39162.0
2025-10-21 10:00:00+00:00,54.5,696.7004999999999,41784.0,23029.0,39199.0
2025-10-21 11:00:00+00:00,50.0,696.973,40995.0,22816.0,38735.0
2025-10-21 12:00:00+00:00,43.7,697.2820833333334,41336.0,22994.0,38871.0
2025-10-21 13:00:00+00:00,41.9,697.3623333333334,41267.0,23018.0,38851.0
2025-10-21 14:00:00+00:00,41.9,697.6530833333333,41778.0,22731.0,38924.0
2025-10-21 15:00:00+00:00,39.2,698.0025,42827.0,23200.0,39542.0
2025-10-21 16:00:00+00:00,36.5,698.19575,42694.0,22981.0,39136.0
2025-10-21 17:00:00+00:00,34.7,698.4013333333334,41579.0,22100.0,38187.0
2025-10-21 18:00:00+00:00,32.0,698.6335833333333,37125.0,19176.0,35320.0
2025-10-21 19:00:00+00:00,31.1,698.6470833333333,30993.0,15192.0,30912.0
2025-10-21 20:00:00+00:00,30.2,698.5969166666667,31175.0,15143.0,31105.0
2025-10-21 21:00:00+00:00,30.2,698.4039166666666,31341.0,15020.0,30852.0
2025-10-21 22:00:00+00:00,28.4,698.4458333333333,30750.0,14825.0,30451.0
2025-10-21 23:00:00+00:00,27.5,698.5373333333333,30366.0,14920.0,30572.0
2025-10-22 00:00:00+00:00,27.5,698.457,30840.0,14877.0,30505.0
2025-10-22 01:00:00+00:00,30.2,698.531,31052.0,15223.0,30916.0
2025-10-22 02:00:00+00:00,36.5,698.7547500000001,30838.0,15012.0,30552.0
2025-10-22 03:00:00+00:00,42.8,698.94125,31240.0,15128.0,30844.0
2025-10-22 04:00:00+00:00,49.1,699.4154166666667,31344.0,15272.0,31038.0
2025-10-22 05:00:00+00:00,54.5,700.0224166666667,31289.0,15103.0,30846.0
2025-10-22 06:00:00+00:00,56.3,700.3214166666667,31055.0,15138.0,30926.0
2025-10-22 07:00:00+00:00,57.2,700.63125,31342.0,15243.0,30800.0
2025-10-22 08:00:00+00:00,57.2,700.8875833333333,30867.5,15008.0,30434.5
2025-10-22 09:00:00+00:00,57.2,,30867.5,15008.0,30434.5
2025-10-22 10:00:00+00:00,57.2,,30867.5,15008.0,30434.5
2025-10-22 11:00:00+00:00,52.7,,30867.5,15008.0,30434.5
2025-10-22 12:00:00+00:00,51.8,,30867.5,15008.0,30434.5
2025-10-22 13:00:00+00:00,51.8,,30867.5,15008.0,30434.5
2025-10-22 14:00:00+00:00,50.9,700.591875,30867.5,15008.0,30434.5
2025-10-22 15:00:00+00:00,51.8,700.7786666666667,30867.5,15008.0,30434.5
2025-10-22 16:00:00+00:00,50.9,700.8226666666666,30393.0,14773.0,30069.0
2025-10-22 17:00:00+00:00,50.0,700.8950833333333,30254.0,14838.0,30221.0
2025-10-22 18:00:00+00:00,47.3,700.9573333333333,30279.0,14729.0,29916.0
2025-10-22 19:00:00+00:00,43.7,700.8359166666668,30189.0,14618.0,30051.0
2025-10-22 20:00:00+00:00,44.6,700.694,30695.0,14949.0,30216.0
2025-10-22 21:00:00+00:00,41.9,700.64675,30264.0,14806.0,30295.0
2025-10-22 22:00:00+00:00,40.1,700.5860833333332,30630.0,14918.0,30271.0
2025-10-22 23:00:00+00:00,40.1,700.1505833333334,30429.0,14835.0,30272.0
2025-10-23 00:00:00+00:00,39.2,700.15825,30736.0,15087.0,30482.0
2025-10-23 01:00:00+00:00,41.9,700.2135833333333,30640.0,15065.0,30757.0
2025-10-23 02:00:00+00:00,47.3,700.2751666666667,15320.0,7532.5,15378.5
2025-10-23 03:00:00+00:00,54.5,,15320.0,7532.5,15378.5
2025-10-23 04:00:00+00:00,55.4,,15320.0,7532.5,15378.5
2025-10-23 05:00:00+00:00,56.3,,15320.0,7532.5,15378.5
2025-10-23 06:00:00+00:00,58.1,,15320.0,7532.5,15378.5
2025-10-23 07:00:00+00:00,58.1,700.7518888888889,15320.0,7532.5,15378.5
2025-10-23 08:00:00+00:00,60.8,700.6966923076924,22937.5,11259.75,22919.25
2025-10-23 09:00:00+00:00,59.9,700.6176363636364,22937.5,11259.75,22919.25
2025-10-23 10:00:00+00:00,58.1,700.4283333333333,22937.5,11259.75,22919.25
2025-10-23 11:00:00+00:00,53.6,700.227,30555.0,14987.0,30460.0
2025-10-23 12:00:00+00:00,50.0,700.187,30781.0,15125.0,30550.0
2025-10-23 13:00:00+00:00,50.900000000000006,700.2281666666667,30648.0,14918.0,30495.0
2025-10-23 14:00:00+00:00,48.2,700.2600000000001,36773.0,19879.5,35513.0
2025-10-23 15:00:00+00:00,44.6,,36773.0,19879.5,35513.0
2025-10-23 16:00:00+00:00,48.2,,36773.0,19879.5,35513.0
2025-10-23 17:00:00+00:00,45.5,,36773.0,19879.5,35513.0
2025-10-23 18:00:00+00:00,46.4,,36773.0,19879.5,35513.0
2025-10-23 19:00:00+00:00,46.4,701.0523333333334,36773.0,19879.5,35513.0
2025-10-23 20:00:00+00:00,45.5,700.8393333333333,36773.0,19879.5,35513.0
2025-10-23 21:00:00+00:00,43.7,700.5976666666667,42898.0,24841.0,40531.0
2025-10-23 22:00:00+00:00,42.8,700.3665833333333,42452.0,24773.0,40622.0
2025-10-23 23:00:00+00:00,40.1,700.1043333333333,42299.0,24615.0,40612.0
2025-10-24 00:00:00+00:00,40.1,699.8937500000001,41787.0,24454.0,40387.0
2025-10-24 01:00:00+00:00,41.9,699.9823333333334,41674.0,24196.0,40003.0
2025-10-24 02:00:00+00:00,48.2,700.0519166666667,41449.0,24962.5,40679.0
2025-10-24 03:00:00+00:00,52.7,,41449.0,24962.5,40679.0
2025-10-24 04:00:00+00:00,55.4,,41449.0,24962.5,40679.0
2025-10-24 05:00:00+00:00,56.3,700.6370000000001,41449.0,24962.5,40679.0
2025-10-24 06:00:00+00:00,58.1,700.65675,41449.0,24962.5,40679.0
2025-10-24 07:00:00+00:00,59.9,700.7755833333334,41224.0,25729.0,41355.0
2025-10-24 08:00:00+00:00,59.0,700.7189166666667,35991.5,20338.0,35976.0
2025-10-24 09:00:00+00:00,54.2,,35991.5,20338.0,35976.0
2025-10-24 10:00:00+00:00,55.4,699.951,35991.5,20338.0,35976.0
2025-10-24 11:00:00+00:00,53.6,699.8177777777778,35991.5,20338.0,35976.0
2025-10-24 12:00:00+00:00,53.6,699.552,35991.5,20338.0,35976.0
2025-10-24 13:00:00+00:00,51.8,699.7620000000001,30759.0,14947.0,30597.0
2025-10-24 14:00:00+00:00,50.9,699.82,30957.0,15095.0,30479.0
2025-10-24 15:00:00+00:00,51.8,699.9700833333333,31018.0,15064.0,30652.0
2025-10-24 16:00:00+00:00,48.2,699.9074999999999,30729.0,15034.0,30763.0
2025-10-24 17:00:00+00:00,45.5,699.5274166666667,30688.0,14914.0,30378.0
2025-10-24 18:00:00+00:00,46.4,699.51775,30514.0,14600.0,30093.0
2025-10-24 19:00:00+00:00,42.8,699.4024166666667,30564.0,15006.0,30437.0
2025-10-24 20:00:00+00:00,42.8,699.20075,30396.0,14943.0,30317.0
2025-10-24 21:00:00+00:00,42.8,699.1051666666667,30558.0,14746.0,30528.0
2025-10-24 22:00:00+00:00,44.6,699.0078333333332,30748.0,14967.0,30635.0
2025-10-24 23:00:00+00:00,44.6,698.78825,30564.0,15023.0,30438.0
2025-10-25 00:00:00+00:00,42.8,698.5235833333332,30929.0,15022.0,30537.0
2025-10-25 01:00:00+00:00,44.6,698.52625,30852.0,15116.0,30883.0
2025-10-25 02:00:00+00:00,47.3,698.5972499999999,36123.5,20271.5,36236.5
2025-10-25 03:00:00+00:00,50.0,,36123.5,20271.5,36236.5
2025-10-25 04:00:00+00:00,52.7,,36123.5,20271.5,36236.5
2025-10-25 05:00:00+00:00,56.3,,36123.5,20271.5,36236.5
2025-10-25 06:00:00+00:00,56.3,699.422,36123.5,20271.5,36236.5
2025-10-25 07:00:00+00:00,56.3,699.311,36123.5,20271.5,36236.5
2025-10-25 08:00:00+00:00,59.0,699.3324166666666,36123.5,20271.5,36236.5
2025-10-25 09:00:00+00:00,58.1,699.0859166666668,41395.0,25427.0,41590.0
2025-10-25 10:00:00+00:00,56.3,698.8669166666667,41113.0,25470.0,41302.0
2025-10-25 11:00:00+00:00,55.4,698.7628333333333,41123.0,25378.0,41320.0
2025-10-25 12:00:00+00:00,53.6,698.7206666666667,41419.0,25605.0,41589.0
2025-10-25 13:00:00+00:00,52.7,698.5040833333333,41212.0,25291.0,41255.0
2025-10-25 14:00:00+00:00,50.9,698.56775,40918.0,25060.0,40877.0
2025-10-25 15:00:00+00:00,45.5,698.6600833333333,41270.0,25541.0,41661.0
2025-10-25 16:00:00+00:00,43.7,698.8005833333333,41414.0,25463.0,41456.0
2025-10-25 17:00:00+00:00,41.9,698.6569166666667,40899.0,25077.0,41151.0
2025-10-25 18:00:00+00:00,40.1,698.3015,40772.0,25203.0,41000.0
2025-10-25 19:00:00+00:00,39.2,698.2011666666667,40961.0,25126.0,41073.0
2025-10-25 20:00:00+00:00,38.3,698.0828333333334,41419.0,25711.0,41546.0
2025-10-25 21:00:00+00:00,37.4,697.95075,41743.0,25959.0,42038.0
2025-10-25 22:00:00+00:00,35.6,697.5854166666667,33293.0,17652.0,33190.0
2025-10-25 23:00:00+00:00,35.6,697.33325,30768.0,14944.0,30675.0
2025-10-26 00:00:00+00:00,35.6,696.814,30750.0,15067.0,30900.0
2025-10-26 01:00:00+00:00,37.400000000000006,696.4528333333333,31410.0,15212.0,30860.0
2025-10-26 02:00:00+00:00,43.7,696.3026666666666,31341.0,15343.0,31330.0
2025-10-26 03:00:00+00:00,47.3,696.1221666666667,31408.0,15255.0,31113.0
2025-10-26 04:00:00+00:00,44.6,696.1635833333333,31048.0,15217.0,31157.0
2025-10-26 05:00:00+00:00,42.8,696.3594166666667,31209.0,15084.0,30850.0
2025-10-26 06:00:00+00:00,45.5,696.20725,31161.0,15415.0,31201.0
2025-10-26 07:00:00+00:00,49.1,696.2086666666668,31203.0,15150.0,30907.0
2025-10-26 08:00:00+00:00,52.7,696.3419166666666,31224.0,15253.5,31032.0
2025-10-26 09:00:00+00:00,49.1,,31224.0,15253.5,31032.0
2025-10-26 10:00:00+00:00,49.1,,31224.0,15253.5,31032.0
2025-10-26 11:00:00+00:00,47.3,,31224.0,15253.5,31032.0
2025-10-26 12:00:00+00:00,46.4,696.378,31224.0,15253.5,31032.0
2025-10-26 13:00:00+00:00,43.7,696.1641666666666,31224.0,15253.5,31032.0
2025-10-26 14:00:00+00:00,42.8,696.5047500000001,31224.0,15253.5,31032.0
2025-10-26 15:00:00+00:00,41.0,696.7606666666667,31245.0,15357.0,31157.0
2025-10-26 16:00:00+00:00,40.1,696.9719166666667,30924.0,15005.0,30536.0
2025-10-26 17:00:00+00:00,39.2,697.1949166666667,30702.0,15098.0,30646.0
2025-10-26 18:00:00+00:00,37.4,697.3945833333333,31180.0,15346.0,31155.0
2025-10-26 19:00:00+00:00,35.6,697.4828333333334,31022.0,15301.0,30656.0
2025-10-26 20:00:00+00:00,36.5,697.1075,31310.0,15303.0,31080.0
2025-10-26 21:00:00+00:00,35.6,696.9944166666668,30733.0,15038.0,30673.0
2025-10-26 22:00:00+00:00,35.6,696.9983333333333,30730.0,15148.0,30827.0
2025-10-26 23:00:00+00:00,36.5,696.9488333333334,30906.0,14988.0,30711.0
2025-10-27 00:00:00+00:00,36.5,697.2168333333334,31049.0,15070.0,31016.0
2025-10-27 01:00:00+00:00,37.400000000000006,697.295,31153.0,15081.0,30726.0
2025-10-27 02:00:00+00:00,42.8,697.3942499999999,30778.0,15153.0,30724.0
2025-10-27 03:00:00+00:00,48.2,697.64875,30667.0,14996.0,30744.0
2025-10-27 04:00:00+00:00,52.7,698.16375,31077.0,15281.0,30940.0
2025-10-27 05:00:00+00:00,54.5,698.805,31022.0,15121.0,30837.0
2025-10-27 06:00:00+00:00,56.3,699.0846666666666,30772.0,15008.0,30667.0
2025-10-27 07:00:00+00:00,59.9,699.4595833333333,30789.0,15142.0,30608.0
2025-10-27 08:00:00+00:00,62.6,699.5665,30800.0,15028.0,30782.0
2025-10-27 09:00:00+00:00,62.6,699.48025,30698.0,14999.0,30698.0
2025-10-27 10:00:00+00:00,59.9,699.4620833333333,30808.0,15197.0,30833.0
2025-10-27 11:00:00+00:00,54.5,699.4715,30873.0,15137.0,30903.0
2025-10-27 12:00:00+00:00,52.7,699.3850000000001,30558.0,15164.0,30714.0
2025-10-27 13:00:00+00:00,53.6,699.54425,30974.0,15143.0,30738.0
2025-10-27 14:00:00+00:00,50.0,699.7042500000001,30795.0,14959.0,30423.0
2025-10-27 15:00:00+00:00,48.2,700.19275,30776.0,14785.0,30223.0
2025-10-27 16:00:00+00:00,43.7,700.3834166666667,30527.0,14806.0,30407.0
2025-10-27 17:00:00+00:00,41.0,700.5606666666666,30660.0,14724.0,30234.0
2025-10-27 18:00:00+00:00,38.3,700.7710000000001,30659.0,14996.0,30545.0
2025-10-27 19:00:00+00:00,37.4,700.8685833333334,30800.0,15052.0,30539.0
2025-10-27 20:00:00+00:00,35.6,700.8146666666667,30474.0,14986.0,30532.0
2025-10-27 21:00:00+00:00,35.6,700.8894999999999,30727.0,14919.0,30361.0
2025-10-27 22:00:00+00:00,33.8,700.91975,30532.0,14964.0,30521.0
2025-10-27 23:00:00+00:00,32.9,700.7833333333333,30444.0,14926.0,30250.0
2025-10-28 00:00:00+00:00,31.1,700.5137500000001,30593.0,14811.0,30337.0
2025-10-28 01:00:00+00:00,34.7,700.5089166666667,30763.0,15080.0,30357.0
2025-10-28 02:00:00+00:00,41.0,700.50075,30682.0,14981.0,30321.0
2025-10-28 03:00:00+00:00,48.2,700.4506666666666,30712.0,14895.0,30343.0
2025-10-28 04:00:00+00:00,55.400000000000006,700.5275,30170.0,14766.0,30235.0
2025-10-28 05:00:00+00:00,58.1,700.6862500000001,30447.0,14761.0,30241.0
2025-10-28 06:00:00+00:00,59.9,700.862,30862.0,14905.0,30307.0
2025-10-28 07:00:00+00:00,62.6,700.9760833333333,30376.0,14897.0,30425.0
2025-10-28 08:00:00+00:00,63.5,700.8451666666666,30630.0,14829.0,30354.0
2025-10-28 09:00:00+00:00,61.7,700.4272500000001,30168.0,14718.0,30273.0
2025-10-28 10:00:00+00:00,58.1,700.2715,30618.0,14921.0,30559.0
2025-10-28 11:00:00+00:00,54.5,700.4660833333334,30420.0,14716.0,30096.0
2025-10-28 12:00:00+00:00,53.6,700.5080833333333,30391.0,14737.0,30102.0
2025-10-28 13:00:00+00:00,52.7,700.3041666666667,30348.0,14964.0,30447.0
2025-10-28 14:00:00+00:00,51.8,700.148,30596.0,14803.0,30471.0
2025-10-28 15:00:00+00:00,50.9,700.2674999999999,30680.0,14959.0,30432.0
2025-10-28 16:00:00+00:00,51.8,700.19925,30859.0,15185.0,30819.0
2025-10-28 17:00:00+00:00,49.1,699.9207499999999,30539.0,14830.0,30681.0
2025-10-28 18:00:00+00:00,47.3,699.87775,31226.0,15191.0,31084.0
2025-10-28 19:00:00+00:00,50.0,699.7595,31161.0,15192.0,31004.0
2025-10-28 20:00:00+00:00,49.1,699.4610833333332,31451.0,15272.0,31277.0
2025-10-28 21:00:00+00:00,50.900000000000006,699.1065833333333,31225.0,15208.0,30893.0
2025-10-28 22:00:00+00:00,50.9,698.4409166666666,31129.0,15165.0,31050.0
2025-10-28 23:00:00+00:00,50.0,698.313,31295.0,15278.0,30924.0
2025-10-29 00:00:00+00:00,50.9,698.7144166666667,31141.0,15154.0,30665.0
2025-10-29 01:00:00+00:00,52.7,698.6426666666666,31187.0,15229.0,31195.0
2025-10-29 02:00:00+00:00,54.32000000000001,698.4129166666667,31511.0,15273.0,31003.0
2025-10-29 03:00:00+00:00,43.88,697.9934166666667,31750.0,15325.0,31208.0
2025-10-29 04:00:00+00:00,42.8,698.2645833333332,31817.0,15359.0,31396.0
2025-10-29 05:00:00+00:00,41.9,698.52,31538.0,15410.0,31433.0
2025-10-29 06:00:00+00:00,48.2,698.3275833333333,31614.0,15475.0,31357.0
2025-10-29 07:00:00+00:00,46.4,698.0903333333334,32298.0,15621.0,32025.0
2025-10-29 08:00:00+00:00,43.4,697.4284166666666,31691.0,15487.0,31469.0
2025-10-29 09:00:00+00:00,42.2,697.3229166666666,31744.0,15394.0,31483.0
2025-10-29 10:00:00+00:00,44.6,697.17875,31642.0,15358.0,31373.0
2025-10-29 11:00:00+00:00,41.9,696.2545833333334,31582.0,15433.0,31712.0
2025-10-29 12:00:00+00:00,40.1,695.90025,31678.0,15364.0,31335.0
2025-10-29 13:00:00+00:00,38.3,696.2163333333333,31197.0,15283.0,31202.0
2025-10-29 14:00:00+00:00,38.3,696.5740000000001,30984.0,15117.0,31008.0
2025-10-29 15:00:00+00:00,35.6,697.2534999999999,30963.0,15107.0,30930.0
2025-10-29 16:00:00+00:00,35.6,697.4523333333333,31131.0,15111.0,30961.0
2025-10-29 17:00:00+00:00,32.0,697.30425,31499.0,15379.0,30977.0
2025-10-29 18:00:00+00:00,32.0,697.4035833333334,30936.0,15055.0,30916.0
2025-10-29 19:00:00+00:00,31.1,697.4634166666666,31214.0,15374.0,31340.0
2025-10-29 20:00:00+00:00,30.2,697.3624166666667,31055.0,14990.0,30784.0
2025-10-29 21:00:00+00:00,28.4,697.3425833333334,30821.0,15057.0,30607.0
2025-10-29 22:00:00+00:00,31.1,697.2211666666667,31014.0,15270.0,30858.0
2025-10-29 23:00:00+00:00,29.3,697.0640833333333,31228.0,15231.0,30813.0
2025-10-30 00:00:00+00:00,27.5,696.93575,30974.0,15134.0,30807.0
2025-10-30 01:00:00+00:00,30.2,697.0018333333334,30815.0,14988.0,30520.0
2025-10-30 02:00:00+00:00,34.7,697.27375,30702.0,15014.0,30673.0
2025-10-30 03:00:00+00:00,38.3,697.6060000000001,30912.0,15095.0,30784.0
2025-10-30 04:00:00+00:00,41.0,698.0775,30854.0,15205.0,30837.0
2025-10-30 05:00:00+00:00,42.8,699.0045,30733.0,14964.0,30633.0
2025-10-30 06:00:00+00:00,44.6,699.5672500000001,30796.0,15047.0,30649.0
2025-10-30 07:00:00+00:00,46.4,700.07375,30295.0,14757.0,30361.0
2025-10-30 08:00:00+00:00,48.2,700.2754166666667,30690.0,14952.0,30662.0
2025-10-30 09:00:00+00:00,49.1,700.4285833333333,30989.0,14875.0,30308.0
2025-10-30 10:00:00+00:00,49.1,700.4014999999999,30402.0,14796.0,30194.0
2025-10-30 11:00:00+00:00,44.6,700.572,30592.0,14858.0,30140.0
2025-10-30 12:00:00+00:00,40.1,700.852,30219.0,14859.0,30349.0
2025-10-30 13:00:00+00:00,37.4,701.1327500000001,30349.0,14677.0,30351.0
2025-10-30 14:00:00+00:00,33.8,701.3496666666666,30232.0,14781.0,30360.0
2025-10-30 15:00:00+00:00,32.0,701.72025,30468.0,14859.0,30255.0
2025-10-30 16:00:00+00:00,30.2,701.9135,30156.0,14829.0,30616.0
2025-10-30 17:00:00+00:00,27.5,702.1385833333334,30704.0,14939.0,30435.0
2025-10-30 18:00:00+00:00,27.5,702.4275000000001,30161.0,14725.0,30121.0
2025-10-30 19:00:00+00:00,27.5,702.5257499999999,30398.0,14945.0,30444.0
2025-10-30 20:00:00+00:00,26.6,702.6074166666667,30462.0,15151.0,30636.0
2025-10-30 21:00:00+00:00,24.8,702.4865833333333,30160.0,14735.0,29939.0
2025-10-30 22:00:00+00:00,23.0,702.6216666666666,30526.0,14911.0,30072.0
2025-10-30 23:00:00+00:00,23.9,702.5755,30521.0,14891.0,30139.0
2025-10-31 00:00:00+00:00,23.0,702.3582499999999,30345.0,14925.0,30391.0
2025-10-31 01:00:00+00:00,25.700000000000003,702.3679166666667,30420.0,14926.0,30263.0
2025-10-31 02:00:00+00:00,30.2,702.5564166666667,30329.0,14868.0,30310.0
2025-10-31 03:00:00+00:00,36.5,702.4671666666667,30211.0,14768.0,29902.0
2025-10-31 04:00:00+00:00,42.8,702.6223333333334,29981.0,14491.0,29963.0
2025-10-31 05:00:00+00:00,46.400000000000006,702.9525833333333,29987.0,14716.0,30090.0
2025-10-31 06:00:00+00:00,49.1,702.9874166666667,30045.0,14580.0,29885.0
2025-10-31 07:00:00+00:00,51.8,703.0418333333333,30184.0,14787.0,30224.0
2025-10-31 08:00:00+00:00,53.6,702.9861666666667,30068.0,14569.0,29825.0
2025-10-31 09:00:00+00:00,53.6,702.7188333333334,30183.0,14617.0,29935.0
2025-10-31 10:00:00+00:00,51.8,702.5174999999999,30377.0,14669.0,30007.0
2025-10-31 11:00:00+00:00,42.8,702.3825,30256.0,14810.0,30194.0
2025-10-31 12:00:00+00:00,39.2,702.3021666666667,30390.0,14846.0,30217.0
2025-10-31 13:00:00+00:00,36.5,702.2355833333332,30099.0,14769.0,30054.0
2025-10-31 14:00:00+00:00,35.6,702.14125,30270.0,14791.0,30021.0
2025-10-31 15:00:00+00:00,30.2,702.3446666666667,30370.0,14758.0,30123.0
2025-10-31 16:00:00+00:00,29.3,702.3701666666667,30448.0,14876.0,30190.0
2025-10-31 17:00:00+00:00,28.4,702.3645833333334,30544.0,14891.0,30390.0
2025-10-31 18:00:00+00:00,27.5,702.337,30617.0,14867.0,30084.0
2025-10-31 19:00:00+00:00,25.700000000000003,702.0800833333333,30204.0,14823.0,30163.0
2025-10-31 20:00:00+00:00,25.700000000000003,701.75425,30426.0,14738.0,30241.0
2025-10-31 21:00:00+00:00,24.8,701.4031666666666,30581.0,14947.0,30248.0
2025-10-31 22:00:00+00:00,23.0,701.2070833333333,30498.0,14935.0,30141.0
2025-10-31 23:00:00+00:00,23.9,700.9944999999999,30711.0,14984.0,30408.0
2025-11-01 00:00:00+00:00,23.0,700.8021666666667,30549.0,14832.0,30420.0
2025-11-01 01:00:00+00:00,24.8,700.70775,30670.0,14923.0,30324.0
2025-11-01 02:00:00+00:00,30.2,700.7223333333333,30676.0,14928.0,30521.0
2025-11-01 03:00:00+00:00,38.3,700.7289166666666,30859.0,15079.0,30537.0
2025-11-01 04:00:00+00:00,42.8,700.8846666666667,30380.0,14823.0,30424.0
2025-11-01 05:00:00+00:00,47.3,701.14525,30172.0,14929.0,30245.0
2025-11-01 06:00:00+00:00,52.7,701.2370833333333,30533.0,14886.0,30408.0
2025-11-01 07:00:00+00:00,55.4,701.2256666666667,30212.0,14789.0,30367.0
2025-11-01 08:00:00+00:00,57.2,701.1526666666667,30582.0,14972.0,30159.0
2025-11-01 09:00:00+00:00,58.1,700.9246666666667,30606.0,14832.0,30335.0
2025-11-01 10:00:00+00:00,56.3,700.7665833333334,30336.0,14675.0,30213.0
2025-11-01 11:00:00+00:00,50.0,700.77025,30518.0,14908.0,30335.0
2025-11-01 12:00:00+00:00,41.9,701.0255833333332,30393.0,14857.0,30355.0
2025-11-01 13:00:00+00:00,41.0,701.1216666666668,30480.0,14897.0,30374.0
2025-11-01 14:00:00+00:00,40.1,701.1776666666666,30275.0,14671.0,30110.0
2025-11-01 15:00:00+00:00,35.6,701.4255833333333,30436.0,14963.0,30403.0
2025-11-01 16:00:00+00:00,31.1,701.6586666666667,30448.0,14962.0,30436.0
2025-11-01 17:00:00+00:00,30.2,701.6815,30257.0,14830.0,30296.0
2025-11-01 18:00:00+00:00,27.5,701.78375,30355.0,14766.0,30259.0
2025-11-01 19:00:00+00:00,27.5,701.6284999999999,30585.0,14803.0,30461.0
2025-11-01 20:00:00+00:00,26.6,701.3861666666667,30283.0,14760.0,30304.0
2025-11-01 21:00:00+00:00,23.9,701.3465833333333,30291.0,14617.0,30008.0
2025-11-01 22:00:00+00:00,23.0,701.3333333333334,30732.0,15060.0,30435.0
2025-11-01 23:00:00+00:00,23.9,701.3664166666667,30248.0,14708.0,30325.0
2025-11-02 00:00:00+00:00,23.0,701.2600833333332,30470.0,14769.0,30285.0
2025-11-02 01:00:00+00:00,25.4,701.1328333333332,30625.0,14904.0,30496.0
2025-11-02 02:00:00+00:00,33.8,701.044,30688.0,15060.0,30437.0
2025-11-02 03:00:00+00:00,40.1,700.9769166666666,30722.0,15159.0,30639.0
2025-11-02 04:00:00+00:00,47.3,701.1999166666666,30630.0,14931.0,30566.0
2025-11-02 05:00:00+00:00,50.9,701.6737499999999,30521.0,14895.0,30276.0
2025-11-02 06:00:00+00:00,54.5,701.8633333333333,30203.0,14794.0,29953.0
2025-11-02 07:00:00+00:00,57.2,702.0310833333333,30194.0,14767.0,30341.0
2025-11-02 08:00:00+00:00,59.0,702.1514999999999,30850.0,15171.0,30504.0
2025-11-02 09:00:00+00:00,57.2,701.9076666666666,30577.0,14816.0,30182.0
2025-11-02 10:00:00+00:00,55.400000000000006,701.7531666666667,30021.0,14646.0,30262.0
2025-11-02 11:00:00+00:00,50.0,701.83475,30420.0,14726.0,30103.0
2025-11-02 12:00:00+00:00,45.5,701.91725,30123.0,14725.0,30053.0
2025-11-02 13:00:00+00:00,41.0,702.1714999999999,30351.0,14692.0,30009.0
2025-11-02 14:00:00+00:00,35.599999999999994,702.3165833333333,30603.0,14940.0,30056.0
2025-11-02 15:00:00+00:00,32.9,702.6017499999999,30352.0,14876.0,30351.0
2025-11-02 16:00:00+00:00,31.1,703.1175,30204.0,14632.0,29985.0
2025-11-02 17:00:00+00:00,30.2,703.3519166666666,30422.0,14846.0,30073.0
2025-11-02 18:00:00+00:00,25.700000000000003,703.6489166666667,30250.0,14600.0,29838.0
2025-11-02 19:00:00+00:00,25.700000000000003,703.7995833333333,30372.0,14835.0,30236.0
2025-11-02 20:00:00+00:00,24.8,703.8304166666667,30188.0,14615.0,29856.0
2025-11-02 21:00:00+00:00,23.0,704.0540833333333,30238.0,14649.0,29813.0
2025-11-02 22:00:00+00:00,23.0,704.1500833333333,30051.0,14522.0,29582.0
2025-11-02 23:00:00+00:00,20.3,704.0763333333333,30434.0,14711.0,29995.0
2025-11-03 00:00:00+00:00,18.5,703.8725,29989.0,14780.0,29978.0
2025-11-03 01:00:00+00:00,24.8,703.6909999999999,30251.0,14937.0,30308.0
2025-11-03 02:00:00+00:00,30.2,703.8150833333333,30086.0,14699.0,29908.0
2025-11-03 03:00:00+00:00,38.3,703.9919166666667,30235.0,14652.0,29672.0
2025-11-03 04:00:00+00:00,45.5,704.4570833333333,30148.0,14657.0,29956.0
2025-11-03 05:00:00+00:00,49.1,704.8168333333333,30129.0,14713.0,30081.0
2025-11-03 06:00:00+00:00,52.7,704.9034166666667,29976.0,14630.0,29727.0
2025-11-03 07:00:00+00:00,55.4,705.0225833333334,30100.0,14630.0,29809.0
2025-11-03 08:00:00+00:00,55.4,704.991,29828.0,14583.0,29608.0
2025-11-03 09:00:00+00:00,57.2,704.7310833333332,29588.0,14472.0,29695.0
2025-11-03 10:00:00+00:00,53.6,704.5774166666666,30328.0,14929.0,29958.0
2025-11-03 11:00:00+00:00,44.6,704.4880833333333,30114.0,14657.0,29780.0
2025-11-03 12:00:00+00:00,42.8,704.4465,30177.0,14866.0,30283.0
2025-11-03 13:00:00+00:00,38.3,704.2740833333334,30171.0,14728.0,29933.0
2025-11-03 14:00:00+00:00,35.6,704.2341666666666,30122.0,14720.0,30200.0
2025-11-03 15:00:00+00:00,33.8,704.4241666666667,30493.0,14861.0,30166.0
2025-11-03 16:00:00+00:00,31.1,704.3975,30159.0,14677.0,29737.0
2025-11-03 17:00:00+00:00,29.3,704.3965,30182.0,14804.0,30205.0
2025-11-03 18:00:00+00:00,27.5,704.408,30125.0,14746.0,30033.0
2025-11-03 19:00:00+00:00,26.6,704.2618333333334,30263.0,14869.0,30120.0
2025-11-03 20:00:00+00:00,26.6,704.09225,30377.0,14825.0,29992.0
2025-11-03 21:00:00+00:00,24.8,703.8190833333333,29995.0,14577.0,30103.0
2025-11-03 22:00:00+00:00,23.9,703.5896666666667,30006.0,14602.0,29968.0
2025-11-03 23:00:00+00:00,23.0,703.5256666666668,30335.0,14743.0,29800.0
2025-11-04 00:00:00+00:00,22.1,703.3530000000001,29828.0,14543.0,29851.0
2025-11-04 01:00:00+00:00,23.9,703.2509166666667,30321.0,14901.0,30230.0
2025-11-04 02:00:00+00:00,30.2,703.1288333333333,30284.0,14761.0,30027.0
2025-11-04 03:00:00+00:00,39.2,703.096,30249.0,14639.0,29940.0
2025-11-04 04:00:00+00:00,46.4,703.2554166666667,30243.0,14630.0,29904.0
2025-11-04 05:00:00+00:00,50.9,703.5463333333333,30363.0,14864.0,30268.0
2025-11-04 06:00:00+00:00,55.400000000000006,703.629,29996.0,14611.0,29709.0
2025-11-04 07:00:00+00:00,57.2,703.5513333333333,30101.0,14613.0,29994.0
2025-11-04 08:00:00+00:00,59.0,703.3876666666666,30003.0,14504.0,29917.0
2025-11-04 09:00:00+00:00,58.1,703.1450833333333,30071.0,14778.0,30237.0
2025-11-04 10:00:00+00:00,53.6,702.95325,29787.0,14629.0,29886.0
2025-11-04 11:00:00+00:00,48.2,702.8993333333333,29405.0,14364.0,29789.0
2025-11-04 12:00:00+00:00,43.7,702.8509166666666,30024.0,14745.0,30021.0
2025-11-04 13:00:00+00:00,41.9,702.9522499999999,30075.0,14598.0,29821.0
2025-11-04 14:00:00+00:00,41.0,703.0281666666666,30364.0,15012.0,30231.0
2025-11-04 15:00:00+00:00,41.9,703.1946666666666,30064.0,14531.0,29678.0
2025-11-04 16:00:00+00:00,45.5,703.2420833333334,30551.0,14799.0,30296.0
2025-11-04 17:00:00+00:00,41.9,703.2109166666668,30551.0,14897.0,30255.0
2025-11-04 18:00:00+00:00,42.8,703.1049166666667,30350.0,14724.0,30270.0
2025-11-04 19:00:00+00:00,39.2,702.9034166666667,30405.0,14939.0,30390.0
2025-11-04 20:00:00+00:00,41.900000000000006,702.6415833333334,30783.0,14814.0,29884.0
2025-11-04 21:00:00+00:00,41.9,702.4784166666667,30368.0,14784.0,30097.0
2025-11-04 22:00:00+00:00,40.1,702.28625,30362.0,14816.0,30176.0
2025-11-04 23:00:00+00:00,37.4,702.1296666666667,30372.0,14874.0,30034.0
2025-11-05 00:00:00+00:00,35.6,701.8346666666666,30624.0,14904.0,30323.0
2025-11-05 01:00:00+00:00,41.9,701.73925,30413.0,14791.0,30065.0
2025-11-05 02:00:00+00:00,45.5,701.7796666666667,30522.0,14849.0,30119.0
2025-11-05 03:00:00+00:00,48.2,701.6809166666667,30751.0,15120.0,30549.0
2025-11-05 04:00:00+00:00,52.7,701.9006666666668,30444.0,14645.0,30161.0
2025-11-05 05:00:00+00:00,52.7,702.1810833333334,30552.0,14908.0,30398.0
2025-11-05 06:00:00+00:00,54.5,702.1869166666667,30311.0,14696.0,30164.0
2025-11-05 07:00:00+00:00,56.3,702.23725,30478.0,14913.0,30494.0
2025-11-05 08:00:00+00:00,58.1,702.1558333333334,30165.0,14713.0,30171.0
2025-11-05 09:00:00+00:00,58.1,701.9451666666668,30268.0,14645.0,29921.0
2025-11-05 10:00:00+00:00,56.3,701.7689166666668,30208.0,14854.0,30014.0
2025-11-05 11:00:00+00:00,52.7,701.6156666666667,29913.0,14607.0,29807.0
2025-11-05 12:00:00+00:00,44.6,701.73925,30399.0,14835.0,30245.0
2025-11-05 13:00:00+00:00,40.1,701.8580833333334,30337.0,14651.0,30113.0
2025-11-05 14:00:00+00:00,36.5,701.87725,30301.0,14982.0,30268.0
2025-11-05 15:00:00+00:00,35.6,701.9799166666667,30160.0,14680.0,29819.0
2025-11-05 16:00:00+00:00,32.9,702.0655,30144.0,14705.0,30128.0
2025-11-05 17:00:00+00:00,31.1,702.1125000000001,30227.0,14846.0,30055.0
2025-11-05 18:00:00+00:00,30.2,702.1898333333334,30363.0,14879.0,30375.0
2025-11-05 19:00:00+00:00,28.4,702.1375833333333,30361.0,14798.0,30357.0
2025-11-05 20:00:00+00:00,27.5,702.0605833333333,30342.0,14777.0,30289.0
2025-11-05 21:00:00+00:00,25.700000000000003,701.9045,30449.0,14853.0,30167.0
2025-11-05 22:00:00+00:00,25.700000000000003,701.8068333333334,30767.0,14904.0,30282.0
2025-11-05 23:00:00+00:00,24.8,701.6797499999999,30343.0,14855.0,30164.0
2025-11-06 00:00:00+00:00,23.9,701.5212500000001,30429.0,14769.0,30049.0
2025-11-06 01:00:00+00:00,26.6,701.5211666666668,30419.0,14781.0,30184.0
2025-11-06 02:00:00+00:00,33.8,701.59675,30368.0,14765.0,30233.0
2025-11-06 03:00:00+00:00,41.9,701.5902500000001,30378.0,14700.0,30115.0
2025-11-06 04:00:00+00:00,47.3,701.7303333333333,30411.0,14874.0,30207.0
2025-11-06 05:00:00+00:00,52.7,702.1170000000001,30368.0,14715.0,29961.0
2025-11-06 06:00:00+00:00,56.3,702.3310833333334,30208.0,14720.0,29965.0
2025-11-06 07:00:00+00:00,59.0,702.5503333333332,30019.0,14689.0,30056.0
2025-11-06 08:00:00+00:00,59.0,702.5191666666666,30378.0,14769.0,29797.0
2025-11-06 09:00:00+00:00,59.0,702.3154166666667,30188.0,14849.0,30096.0
2025-11-06 10:00:00+00:00,55.400000000000006,702.1496666666667,30128.0,14831.0,30071.0
2025-11-06 11:00:00+00:00,50.0,702.1895,30025.0,14619.0,29744.0
2025-11-06 12:00:00+00:00,45.5,702.1931666666666,30159.0,14585.0,30024.0
2025-11-06 13:00:00+00:00,42.8,702.4070833333334,30100.0,14733.0,30032.0
2025-11-06 14:00:00+00:00,38.3,702.3414166666666,30011.0,14454.0,29468.0
2025-11-06 15:00:00+00:00,35.6,702.5680000000001,30108.0,14719.0,30094.0
2025-11-06 16:00:00+00:00,34.7,702.6904166666667,29945.0,14661.0,29716.0
2025-11-06 17:00:00+00:00,31.1,702.7890833333332,29781.0,14431.0,29550.0
2025-11-06 18:00:00+00:00,30.2,702.9235833333333,29803.0,14436.0,29842.0
2025-11-06 19:00:00+00:00,29.3,702.9898333333334,30263.0,14737.0,30046.0
2025-11-06 20:00:00+00:00,29.3,703.0473333333333,29851.0,14719.0,29680.0
2025-11-06 21:00:00+00:00,30.2,703.0370833333333,30095.0,14561.0,29484.0
2025-11-06 22:00:00+00:00,29.3,703.0496666666667,29609.0,14436.0,29636.0
2025-11-06 23:00:00+00:00,27.5,703.1525,29742.0,14335.0,29430.0
2025-11-07 00:00:00+00:00,26.6,702.9815833333333,30025.0,14633.0,29971.0
2025-11-07 01:00:00+00:00,27.5,702.9426666666667,29735.0,14389.0,29676.0
2025-11-07 02:00:00+00:00,33.8,703.0935833333333,29627.0,14466.0,29675.0
2025-11-07 03:00:00+00:00,42.8,703.1500833333333,29587.0,14294.0,29425.0
2025-11-07 04:00:00+00:00,49.1,703.4411666666666,29767.0,14459.0,29483.0
2025-11-07 05:00:00+00:00,52.7,703.859,29473.0,14347.0,29320.0
2025-11-07 06:00:00+00:00,57.2,704.0866666666667,29829.0,14548.0,29692.0
2025-11-07 07:00:00+00:00,58.1,704.26775,29789.0,14541.0,29587.0
2025-11-07 08:00:00+00:00,59.9,704.3308333333333,29542.0,14445.0,29493.0
2025-11-07 09:00:00+00:00,59.9,704.1565833333334,29390.0,14247.0,29049.0
2025-11-07 10:00:00+00:00,57.2,704.018,29270.0,14253.0,29027.0
2025-11-07 11:00:00+00:00,52.7,704.0583333333334,29202.0,14370.0,29140.0
2025-11-07 12:00:00+00:00,48.2,704.0144999999999,28579.0,13975.0,28798.0
2025-11-07 13:00:00+00:00,43.7,704.1750833333334,28695.0,13923.0,28359.0
2025-11-07 14:00:00+00:00,40.1,704.42875,28826.0,14066.0,28798.0
2025-11-07 15:00:00+00:00,40.1,704.7132499999999,28783.0,14016.0,28724.0
2025-11-07 16:00:00+00:00,36.5,704.8032499999999,28891.0,14197.0,28799.0
2025-11-07 17:00:00+00:00,33.8,704.8426666666666,28552.0,13910.0,28457.0
2025-11-07 18:00:00+00:00,32.9,705.0829166666667,28913.0,14212.0,28836.0
2025-11-07 19:00:00+00:00,32.0,705.2557499999999,28684.0,13903.0,28406.0
2025-11-07 20:00:00+00:00,33.8,705.3888333333334,28641.0,13733.0,28442.0
2025-11-07 21:00:00+00:00,35.6,705.36825,29042.0,14184.0,28979.0
2025-11-07 22:00:00+00:00,33.8,705.2829166666667,29190.0,14294.0,29281.0
2025-11-07 23:00:00+00:00,33.8,705.1745833333333,29234.0,14221.0,28614.0
2025-11-08 00:00:00+00:00,31.1,704.9659166666667,29129.0,14451.0,29330.0
2025-11-08 01:00:00+00:00,31.1,704.9454166666666,29107.0,14015.0,28863.0
2025-11-08 02:00:00+00:00,37.4,705.04975,29200.0,14087.0,28682.0
2025-11-08 03:00:00+00:00,44.6,705.1331666666666,29054.0,14204.0,28800.0
2025-11-08 04:00:00+00:00,51.8,705.3924166666666,28609.0,14060.0,28766.0
2025-11-08 05:00:00+00:00,57.2,705.76175,28969.0,14078.0,28779.0
2025-11-08 06:00:00+00:00,60.8,705.9005833333334,28836.0,14155.0,28795.0
2025-11-08 07:00:00+00:00,63.5,705.9156666666667,28478.0,14069.0,28622.0
2025-11-08 08:00:00+00:00,63.5,705.7834166666667,28636.0,14032.5,28519.5
2025-11-08 09:00:00+00:00,63.5,705.52,28636.0,14032.5,28519.5
2025-11-08 10:00:00+00:00,59.900000000000006,705.3940833333332,28636.0,14032.5,28519.5
2025-11-08 11:00:00+00:00,55.4,705.29525,28794.0,13996.0,28417.0
2025-11-08 12:00:00+00:00,50.9,705.2965,28528.0,13928.0,28548.0
2025-11-08 13:00:00+00:00,47.3,705.4346666666667,28844.0,14053.0,28494.0
2025-11-08 14:00:00+00:00,40.1,705.6773333333334,28769.5,13984.0,28494.0
2025-11-08 15:00:00+00:00,38.3,705.956,28769.5,13984.0,28494.0
2025-11-08 16:00:00+00:00,34.7,705.9207777777779,28769.5,13984.0,28494.0
2025-11-08 17:00:00+00:00,32.9,705.9365833333333,28769.5,13984.0,28494.0
2025-11-08 18:00:00+00:00,32.0,705.8885,28695.0,13915.0,28494.0
2025-11-08 19:00:00+00:00,30.2,705.8324166666666,28952.0,14219.0,28622.0
2025-11-08 20:00:00+00:00,29.3,705.81975,29097.0,14068.0,28691.0
2025-11-08 21:00:00+00:00,27.5,705.619,28880.0,14239.0,29070.0
2025-11-08 22:00:00+00:00,27.5,705.4991666666666,28796.0,13930.0,28615.0
2025-11-08 23:00:00+00:00,27.5,705.50975,28909.0,14028.0,28957.0
2025-11-09 00:00:00+00:00,25.700000000000003,705.3921666666666,28719.0,14015.0,28807.0
2025-11-09 01:00:00+00:00,27.5,705.3405833333333,28999.0,14048.0,28544.0
2025-11-09 02:00:00+00:00,35.6,705.2856666666667,28952.0,14015.0,28453.0
2025-11-09 03:00:00+00:00,43.7,705.2446666666666,28651.0,13938.0,28720.0
2025-11-09 04:00:00+00:00,50.0,705.4863333333333,28718.0,13950.0,28834.0
2025-11-09 05:00:00+00:00,54.5,705.7620000000001,28714.0,13923.0,28532.0
2025-11-09 06:00:00+00:00,58.1,705.8803333333334,28662.0,13999.0,28710.0
2025-11-09 07:00:00+00:00,59.0,705.9299166666666,28809.0,14089.0,28713.0
2025-11-09 08:00:00+00:00,61.7,705.7353333333334,28798.0,14099.0,28475.0
2025-11-09 09:00:00+00:00,61.7,705.43775,29013.0,14145.0,28533.0
2025-11-09 10:00:00+00:00,57.2,705.1324166666667,28584.0,13821.0,28389.0
2025-11-09 11:00:00+00:00,51.8,704.8211666666666,28838.0,14022.0,28557.0
2025-11-09 12:00:00+00:00,48.2,704.9590833333333,28972.0,14163.0,28741.0
2025-11-09 13:00:00+00:00,43.7,704.9740833333334,29131.0,14150.0,28807.0
2025-11-09 14:00:00+00:00,35.6,704.9840833333333,29143.0,14180.0,29048.0
2025-11-09 15:00:00+00:00,35.6,705.1620833333333,29153.0,14237.0,29207.0
2025-11-09 16:00:00+00:00,31.1,705.128,29187.0,14079.0,28789.0
2025-11-09 17:00:00+00:00,30.2,705.0859999999999,28972.0,14205.0,29150.0
2025-11-09 18:00:00+00:00,27.5,705.1048333333333,29049.0,13989.0,28547.0
2025-11-09 19:00:00+00:00,27.5,704.9333333333334,29689.0,14427.0,29303.0
2025-11-09 20:00:00+00:00,27.5,704.7778333333334,29238.0,14202.0,29130.0
2025-11-09 21:00:00+00:00,24.8,704.5554166666667,29162.0,14121.0,28991.0
2025-11-09 22:00:00+00:00,24.8,704.4446666666666,29620.0,14396.0,29310.0
2025-11-09 23:00:00+00:00,23.9,704.3275833333333,29559.0,14312.0,29258.0
2025-11-10 00:00:00+00:00,23.9,704.1636666666667,29713.0,14442.0,29512.0
2025-11-10 01:00:00+00:00,26.6,704.1334166666667,29436.0,14412.0,29250.0
2025-11-10 02:00:00+00:00,32.0,703.9878333333332,29287.0,14187.0,29105.0
2025-11-10 03:00:00+00:00,41.0,703.8661666666667,29537.0,14279.0,29418.0
2025-11-10 04:00:00+00:00,47.3,704.0735833333333,29255.0,14331.0,29156.0
2025-11-10 05:00:00+00:00,53.6,704.2556666666666,29271.0,14311.0,29320.0
2025-11-10 06:00:00+00:00,57.2,704.1988333333334,29189.0,14314.0,29182.0
2025-11-10 07:00:00+00:00,60.8,704.1945000000001,29216.0,14149.0,29259.0
2025-11-10 08:00:00+00:00,60.8,703.9588333333332,29209.0,14254.0,29456.0
2025-11-10 09:00:00+00:00,61.7,703.5774166666666,29362.0,14440.0,29266.0
2025-11-10 10:00:00+00:00,58.1,703.3231666666667,29060.0,14236.0,29106.0
2025-11-10 11:00:00+00:00,50.9,703.1304166666667,29148.0,14089.0,29089.0
2025-11-10 12:00:00+00:00,45.5,703.05275,29481.0,14358.0,29217.0
2025-11-10 13:00:00+00:00,42.8,702.9731666666667,29585.0,14291.0,28918.0
2025-11-10 14:00:00+00:00,36.5,702.8788333333333,29569.0,14583.0,29376.0
2025-11-10 15:00:00+00:00,32.0,702.9874166666667,29587.0,14478.0,29367.0
2025-11-10 16:00:00+00:00,30.2,702.9549999999999,29678.0,14489.0,29332.0
2025-11-10 17:00:00+00:00,29.3,702.83725,29394.0,14267.0,29506.0
2025-11-10 18:00:00+00:00,27.5,702.8299999999999,29598.0,14487.0,29652.0
2025-11-10 19:00:00+00:00,26.6,702.6666666666666,29897.0,14606.0,29730.0
2025-11-10 20:00:00+00:00,26.6,702.4974166666667,29673.0,14544.0,29709.0
2025-11-10 21:00:00+00:00,25.700000000000003,702.1545833333333,29834.0,14610.0,29840.0
2025-11-10 22:00:00+00:00,24.8,702.0950833333333,29918.0,14661.0,29704.0
2025-11-10 23:00:00+00:00,24.8,702.0028333333333,30119.0,14639.0,29840.0
2025-11-11 00:00:00+00:00,23.9,701.8363333333333,30307.0,14670.0,30047.0
2025-11-11 01:00:00+00:00,25.700000000000003,701.6650833333333,29744.0,14392.0,29759.0
2025-11-11 02:00:00+00:00,31.1,701.6018333333333,29614.0,14311.5,29487.0
2025-11-11 03:00:00+00:00,38.3,,29614.0,14311.5,29487.0
2025-11-11 04:00:00+00:00,44.6,,29614.0,14311.5,29487.0
2025-11-11 05:00:00+00:00,51.8,,29614.0,14311.5,29487.0
2025-11-11 06:00:00+00:00,54.5,,29614.0,14311.5,29487.0
2025-11-11 07:00:00+00:00,56.3,,29614.0,14311.5,29487.0
2025-11-11 08:00:00+00:00,56.3,,29614.0,14311.5,29487.0
2025-11-11 09:00:00+00:00,55.4,701.3613333333333,29614.0,14311.5,29487.0
2025-11-11 10:00:00+00:00,53.6,700.9655833333333,29614.0,14311.5,29487.0
2025-11-11 11:00:00+00:00,49.1,701.0476666666667,29484.0,14231.0,29215.0
2025-11-11 12:00:00+00:00,45.5,701.071,29503.0,14361.0,29554.0
2025-11-11 13:00:00+00:00,41.9,701.1515833333333,29835.0,14551.0,29637.0
2025-11-11 14:00:00+00:00,40.1,701.1988333333334,30100.0,14817.0,30027.0
2025-11-11 15:00:00+00:00,39.2,701.3495833333333,29950.0,14541.0,29720.0
2025-11-11 16:00:00+00:00,40.1,701.3130833333333,29847.0,14425.0,29598.0
2025-11-11 17:00:00+00:00,39.2,701.2651666666667,29981.0,14571.0,29756.0
2025-11-11 18:00:00+00:00,40.1,701.12325,30313.0,14781.0,30295.0
2025-11-11 19:00:00+00:00,39.2,701.1499166666666,30611.0,14882.0,30442.0
2025-11-11 20:00:00+00:00,38.3,700.98375,30986.0,14967.0,30660.0
2025-11-11 21:00:00+00:00,39.2,700.3323333333333,30819.0,14903.0,30471.0
2025-11-11 22:00:00+00:00,38.3,700.0219999999999,30445.0,14763.0,29932.0
2025-11-11 23:00:00+00:00,37.4,700.0238333333333,30210.0,14716.0,29862.0
2025-11-12 00:00:00+00:00,38.3,699.9139166666668,30375.0,14654.0,30028.0
2025-11-12 01:00:00+00:00,34.7,699.7285,30590.0,14752.0,30244.0
2025-11-12 02:00:00+00:00,36.5,699.85325,30061.0,14520.0,29561.0
2025-11-12 03:00:00+00:00,41.9,699.8686666666667,29778.0,14367.0,29400.0
2025-11-12 04:00:00+00:00,49.1,700.1266666666667,29625.0,14260.0,29257.0
2025-11-12 05:00:00+00:00,51.8,700.5425,29626.0,14312.0,29380.0
2025-11-12 06:00:00+00:00,51.79999999999999,700.7820833333334,29885.0,14499.0,29454.0
2025-11-12 07:00:00+00:00,51.2,700.9445833333333,30201.0,14586.0,29665.0
2025-11-12 08:00:00+00:00,48.8,700.9011666666667,30128.0,14633.0,29898.0
2025-11-12 09:00:00+00:00,50.9,700.6574999999999,29840.0,14557.0,29724.0
2025-11-12 10:00:00+00:00,48.2,700.5409166666667,30000.0,14550.0,29647.0
2025-11-12 11:00:00+00:00,45.5,700.3113333333334,29834.0,14409.0,29535.0
2025-11-12 12:00:00+00:00,42.8,700.4000833333333,29792.0,14352.0,29828.0
2025-11-12 13:00:00+00:00,38.3,700.3776666666666,29450.0,14268.0,29192.0
2025-11-12 14:00:00+00:00,36.5,700.4053333333333,29454.0,14335.0,29110.0
2025-11-12 15:00:00+00:00,35.599999999999994,700.7300833333334,29150.0,14126.0,28984.0
2025-11-12 16:00:00+00:00,32.9,700.71925,29070.0,14147.0,29134.0
2025-11-12 17:00:00+00:00,30.2,700.8835833333334,29405.0,14514.0,29482.0
2025-11-12 18:00:00+00:00,30.2,700.8950833333333,29139.0,14263.0,29071.0
2025-11-12 19:00:00+00:00,29.3,700.9495000000001,29329.0,14162.0,29102.0
2025-11-12 20:00:00+00:00,28.4,701.0633333333334,28985.0,14237.0,28869.0
2025-11-12 21:00:00+00:00,29.3,701.0004166666666,29047.0,14175.0,28724.0
2025-11-12 22:00:00+00:00,32.0,700.93,28798.0,13962.0,28718.0
2025-11-12 23:00:00+00:00,37.4,700.8828333333335,29092.0,14198.0,28886.0
2025-11-13 00:00:00+00:00,35.599999999999994,700.8866666666667,28865.0,14107.0,28581.0
2025-11-13 01:00:00+00:00,37.4,700.5879166666667,29526.0,14351.0,29158.0
2025-11-13 02:00:00+00:00,41.0,700.8356666666667,29191.0,14222.0,29221.0
2025-11-13 03:00:00+00:00,45.5,700.8705833333333,29431.0,14486.0,29292.0
2025-11-13 04:00:00+00:00,49.1,701.0184166666667,29169.0,14238.0,29172.0
2025-11-13 05:00:00+00:00,53.0,701.1050833333334,29238.0,14211.0,29201.0
2025-11-13 06:00:00+00:00,54.5,701.1239999999999,28874.0,14020.0,28651.0
2025-11-13 07:00:00+00:00,52.7,701.26175,29046.0,14195.0,28833.0
2025-11-13 08:00:00+00:00,50.0,701.0243333333333,29123.0,14137.0,28834.0
2025-11-13 09:00:00+00:00,49.1,700.41225,28948.0,14039.0,28821.0
2025-11-13 10:00:00+00:00,46.4,700.1458333333334,29097.0,14037.0,28587.0
2025-11-13 11:00:00+00:00,45.5,700.1724166666667,29041.0,13991.0,28968.0
2025-11-13 12:00:00+00:00,44.6,700.18675,28979.0,14115.0,28864.0
2025-11-13 13:00:00+00:00,44.6,699.6884166666667,28970.0,14134.0,29112.0
2025-11-13 14:00:00+00:00,44.6,699.74975,29372.0,14166.0,28888.0
2025-11-13 15:00:00+00:00,41.9,699.9229166666668,29059.0,14103.0,28657.0
2025-11-13 16:00:00+00:00,39.2,699.6985,29315.0,14328.0,29229.0
2025-11-13 17:00:00+00:00,38.3,699.2861666666666,29523.0,14218.0,28890.0
2025-11-13 18:00:00+00:00,34.7,699.5189166666668,29024.0,14323.0,29018.0
2025-11-13 19:00:00+00:00,35.6,699.419,28976.0,13970.0,28657.0
2025-11-13 20:00:00+00:00,35.6,699.0564166666667,29247.0,14150.0,29039.0
2025-11-13 21:00:00+00:00,33.8,698.7014166666667,29243.0,14353.0,29240.0
2025-11-13 22:00:00+00:00,34.7,698.276,29710.0,14537.0,29172.0
2025-11-13 23:00:00+00:00,33.8,698.1405833333333,29735.0,14570.0,29518.0
2025-11-14 00:00:00+00:00,33.8,697.7689999999999,29646.0,14401.0,29402.0
2025-11-14 01:00:00+00:00,33.8,697.1935,29996.0,14460.0,29269.0
2025-11-14 02:00:00+00:00,36.5,697.0880000000001,29584.0,14378.0,29612.0
2025-11-14 03:00:00+00:00,39.2,697.0705833333333,29989.0,14697.0,29632.0
2025-11-14 04:00:00+00:00,48.2,697.1039166666666,29670.0,14597.0,29755.0
2025-11-14 05:00:00+00:00,49.4,697.4879999999999,29736.0,14355.0,29453.0
2025-11-14 06:00:00+00:00,48.2,697.5984166666667,29955.0,14673.0,29874.0
2025-11-14 07:00:00+00:00,47.3,697.45775,29737.0,14508.0,29830.0
2025-11-14 08:00:00+00:00,47.3,697.0534166666666,29712.0,14554.0,29593.0
2025-11-14 09:00:00+00:00,48.2,696.38575,30171.0,14737.0,29887.0
2025-11-14 10:00:00+00:00,46.4,696.0837499999999,30206.0,14836.0,30003.0
2025-11-14 11:00:00+00:00,44.6,695.9031666666666,30251.0,14801.0,30121.0
2025-11-14 12:00:00+00:00,45.2,695.2663333333334,30026.0,14767.0,29925.0
2025-11-14 13:00:00+00:00,43.7,695.12425,32296.0,16752.0,32136.0
2025-11-14 14:00:00+00:00,44.0,695.0763333333333,30430.0,14849.0,30272.0
2025-11-14 15:00:00+00:00,41.0,694.85125,29976.0,14429.0,29573.0
2025-11-14 16:00:00+00:00,41.0,694.996,29634.0,14381.0,29633.0
2025-11-14 17:00:00+00:00,41.0,694.7355000000001,30170.0,14581.0,29877.0
2025-11-14 18:00:00+00:00,42.8,694.31225,29980.0,14434.0,29806.0
2025-11-14 19:00:00+00:00,43.7,694.2044166666666,30317.0,14759.0,29911.0
2025-11-14 20:00:00+00:00,42.8,694.0972499999999,30394.0,14765.0,30011.0
2025-11-14 21:00:00+00:00,42.8,693.8455,30500.0,14952.0,30225.0
2025-11-14 22:00:00+00:00,40.1,693.4460833333333,30497.0,14772.0,30177.0
2025-11-14 23:00:00+00:00,40.1,693.3313333333334,30173.0,14679.0,30004.0
2025-11-15 00:00:00+00:00,41.0,692.9481666666667,30556.0,14850.0,30347.0
2025-11-15 01:00:00+00:00,41.0,692.6261666666666,30655.0,15017.0,30406.0
2025-11-15 02:00:00+00:00,41.0,692.5175833333333,30176.0,14669.0,30066.0
2025-11-15 03:00:00+00:00,40.1,692.25275,30650.0,14954.0,30467.0
2025-11-15 04:00:00+00:00,40.1,691.9540833333334,30306.0,14927.0,30009.0
2025-11-15 05:00:00+00:00,42.8,692.0457499999999,30523.0,14809.0,30332.0
2025-11-15 06:00:00+00:00,42.79999999999999,692.0170833333333,30648.0,14865.0,30281.0
2025-11-15 07:00:00+00:00,41.9,692.1230833333334,30312.0,14807.0,30323.0
2025-11-15 08:00:00+00:00,42.8,691.7546666666667,30183.0,14702.0,30225.0
2025-11-15 09:00:00+00:00,41.9,691.6356666666667,31061.0,15153.0,30709.0
2025-11-15 10:00:00+00:00,41.0,691.2603333333333,31383.0,15390.0,31031.0
2025-11-15 11:00:00+00:00,41.0,691.2199166666666,30768.0,15104.0,30827.0
2025-11-15 12:00:00+00:00,42.8,691.2994166666667,31192.0,15231.0,30660.0
2025-11-15 13:00:00+00:00,39.8,691.4625833333333,30895.0,15015.0,30670.0
2025-11-15 14:00:00+00:00,39.2,691.7673333333333,30842.0,15091.0,30568.0
2025-11-15 15:00:00+00:00,38.6,692.1700000000001,30902.0,15211.0,30911.0
2025-11-15 16:00:00+00:00,37.4,692.6210833333333,30797.0,15150.0,30688.0
2025-11-15 17:00:00+00:00,37.4,693.1025833333333,30795.0,15134.0,30639.0
2025-11-15 18:00:00+00:00,37.4,693.2222499999999,30700.0,15060.0,30509.0
2025-11-15 19:00:00+00:00,38.0,693.3961666666665,30831.0,14983.0,30316.0
2025-11-15 20:00:00+00:00,37.4,693.4007499999999,30879.0,15010.0,30445.0
2025-11-15 21:00:00+00:00,37.4,693.3335833333334,30602.0,14880.0,30575.0
2025-11-15 22:00:00+00:00,37.4,693.4288333333334,30659.0,15165.0,30728.0
2025-11-15 23:00:00+00:00,37.4,693.24025,30789.0,14961.0,30594.0
2025-11-16 00:00:00+00:00,39.2,692.9416666666666,33332.0,17500.0,33120.0
2025-11-16 01:00:00+00:00,39.2,693.1114166666666,32789.0,16783.0,32945.0
2025-11-16 02:00:00+00:00,39.2,693.2942499999999,30212.0,14734.0,30151.0
2025-11-16 03:00:00+00:00,41.0,693.5355,30582.0,14884.0,30477.0
2025-11-16 04:00:00+00:00,41.9,693.8091666666666,30736.0,14982.0,30565.0
2025-11-16 05:00:00+00:00,41.0,694.27975,30764.0,14943.0,30435.0
2025-11-16 06:00:00+00:00,40.1,694.6945000000001,30416.0,14863.0,30360.0
2025-11-16 07:00:00+00:00,41.0,695.2332499999999,30465.0,14863.0,30307.0
2025-11-16 08:00:00+00:00,41.0,695.2592500000001,30535.0,15014.0,30489.0
2025-11-16 09:00:00+00:00,42.8,695.3475833333333,30523.0,14819.0,30172.0
2025-11-16 10:00:00+00:00,40.1,695.5705833333333,30721.0,14932.0,30325.0
2025-11-16 11:00:00+00:00,38.3,695.6676666666667,30460.0,14716.0,30130.0
2025-11-16 12:00:00+00:00,36.5,696.1524166666667,30529.0,14861.0,30326.0
2025-11-16 13:00:00+00:00,34.7,696.40475,30463.0,14861.0,30367.0
2025-11-16 14:00:00+00:00,32.0,696.9589166666666,30450.0,14854.0,30110.0
2025-11-16 15:00:00+00:00,29.3,697.3735,30498.0,14707.0,30238.0
2025-11-16 16:00:00+00:00,28.4,697.6849166666667,30399.0,14821.0,30196.0
2025-11-16 17:00:00+00:00,27.5,698.02475,30418.0,14855.0,30156.0
2025-11-16 18:00:00+00:00,26.6,698.2954166666667,30468.0,14891.0,30135.0
2025-11-16 19:00:00+00:00,26.6,698.4741666666667,29897.0,14480.0,29899.0
2025-11-16 20:00:00+00:00,25.700000000000003,698.7718333333333,30129.0,14600.0,29630.0
2025-11-16 21:00:00+00:00,24.8,699.1827499999999,29872.0,14558.0,29692.0
2025-11-16 22:00:00+00:00,23.9,699.2793333333334,29999.0,14600.0,29787.0
2025-11-16 23:00:00+00:00,23.9,699.34825,30236.0,14679.0,29949.0
2025-11-17 00:00:00+00:00,24.8,699.4250833333334,30070.0,14513.0,29781.0
2025-11-17 01:00:00+00:00,24.8,699.6796666666668,30097.0,14753.0,30187.0
2025-11-17 02:00:00+00:00,29.3,699.9800833333334,30247.0,14751.0,29988.0
2025-11-17 03:00:00+00:00,32.0,700.4820833333333,29841.0,14592.0,29671.0
2025-11-17 04:00:00+00:00,34.7,700.95375,29874.0,14705.0,29926.0
2025-11-17 05:00:00+00:00,36.5,701.4836666666666,29767.0,14411.0,29568.0
2025-11-17 06:00:00+00:00,37.4,701.9964166666667,29596.0,14448.0,29768.0
2025-11-17 07:00:00+00:00,38.3,702.3991666666666,29764.0,14530.0,29672.0
2025-11-17 08:00:00+00:00,40.1,702.54975,29512.0,14343.0,29312.0
2025-11-17 09:00:00+00:00,41.0,702.46225,29400.0,14303.0,29415.0
2025-11-17 10:00:00+00:00,39.2,702.3895000000001,29581.0,14484.0,29465.0
2025-11-17 11:00:00+00:00,35.6,702.4835833333333,29707.0,14331.0,29171.0
2025-11-17 12:00:00+00:00,32.9,702.6566666666666,30022.0,14559.0,29540.0
2025-11-17 13:00:00+00:00,30.2,702.8873333333332,29503.0,14344.0,29608.0
2025-11-17 14:00:00+00:00,28.4,702.97475,29818.0,14657.0,29912.0
2025-11-17 15:00:00+00:00,26.600000000000005,703.3195000000001,29804.0,14393.0,29472.0
2025-11-17 16:00:00+00:00,25.700000000000003,703.5945,29715.0,14702.0,29778.0
2025-11-17 17:00:00+00:00,23.9,703.7753333333334,29747.0,14452.0,29668.0
2025-11-17 18:00:00+00:00,23.9,703.8358333333334,29572.0,14398.0,29188.0
2025-11-17 19:00:00+00:00,24.8,703.7546666666667,29658.0,14444.0,29251.0
2025-11-17 20:00:00+00:00,25.700000000000003,703.7674166666667,29793.0,14458.0,29869.0
2025-11-17 21:00:00+00:00,27.5,703.6205,29609.0,14424.0,29229.0
2025-11-17 22:00:00+00:00,28.4,703.6262499999999,29979.0,14613.0,29710.0
2025-11-17 23:00:00+00:00,30.2,703.47025,29703.0,14553.0,29540.0
2025-11-18 00:00:00+00:00,28.4,703.2963333333333,29493.0,14315.0,29461.0
2025-11-18 01:00:00+00:00,28.4,703.2434166666667,29731.0,14374.0,29538.0
2025-11-18 02:00:00+00:00,28.4,703.2692499999999,29941.0,14595.0,29901.0
2025-11-18 03:00:00+00:00,28.4,703.4693333333333,29551.0,14489.0,29599.0
2025-11-18 04:00:00+00:00,29.3,703.8676666666667,29698.0,14435.0,29584.0
2025-11-18 05:00:00+00:00,30.2,704.35925,29777.0,14462.0,29442.0
2025-11-18 06:00:00+00:00,30.2,704.5129166666667,29570.0,14436.0,29561.0
2025-11-18 07:00:00+00:00,30.2,704.5566666666667,30021.0,14705.0,29782.0
2025-11-18 08:00:00+00:00,30.2,704.2289999999999,30165.0,14648.0,29788.0
2025-11-18 09:00:00+00:00,31.1,703.9734166666667,29800.0,14497.0,29659.0
2025-11-18 10:00:00+00:00,30.2,703.7749166666667,30441.0,14813.0,30237.0
2025-11-18 11:00:00+00:00,30.2,703.8829999999999,29793.0,14436.0,29677.0
2025-11-18 12:00:00+00:00,30.2,703.96575,29831.0,14530.0,29801.0
2025-11-18 13:00:00+00:00,28.4,703.9233333333333,30114.0,14691.0,29726.0
2025-11-18 14:00:00+00:00,28.4,703.9164999999999,30150.0,14714.0,30046.0
2025-11-18 15:00:00+00:00,28.4,704.0227500000001,30200.0,14738.0,29804.0
2025-11-18 16:00:00+00:00,28.4,704.0928333333333,30023.0,14575.0,29883.0
2025-11-18 17:00:00+00:00,28.4,704.2660833333333,30011.0,14650.0,30143.0
2025-11-18 18:00:00+00:00,26.6,704.198,30082.0,14627.0,29880.0
2025-11-18 19:00:00+00:00,26.6,704.0745833333334,30188.0,14406.0,29606.0
2025-11-18 20:00:00+00:00,26.6,704.0744166666667,30392.0,14736.0,30047.0
2025-11-18 21:00:00+00:00,,703.8400833333334,30322.0,14727.0,30081.0
2025-11-18 22:00:00+00:00,,703.5381666666667,29995.0,14687.0,29897.0
2025-11-18 23:00:00+00:00,,703.6325,29899.0,14629.0,29762.0
2025-11-19 00:00:00+00:00,,703.4306666666666,30019.0,14739.0,29918.0
2025-11-19 01:00:00+00:00,,703.3921666666666,30219.0,14736.0,30243.0
2025-11-19 02:00:00+00:00,,703.48,30307.0,14787.0,30155.0
2025-11-19 03:00:00+00:00,,703.5074166666667,30200.0,14573.0,29798.0
2025-11-19 04:00:00+00:00,,703.7551666666667,30361.0,14906.0,30463.0
2025-11-19 05:00:00+00:00,,704.17225,30282.0,14799.0,30174.0
2025-11-19 06:00:00+00:00,,704.3220833333334,30693.0,14962.0,30296.0
2025-11-19 07:00:00+00:00,,704.4311666666667,30542.0,15053.0,30399.0
2025-11-19 08:00:00+00:00,,704.1149166666668,30205.0,14664.0,30033.0
2025-11-19 09:00:00+00:00,,703.7815,30322.0,14844.0,30037.0
2025-11-19 10:00:00+00:00,,703.582,30049.0,14745.0,30081.0
2025-11-19 11:00:00+00:00,,703.4881666666666,29897.0,14626.0,29818.0
2025-11-19 12:00:00+00:00,,703.4985833333334,29463.0,14448.0,29643.0
2025-11-19 13:00:00+00:00,,703.3996666666667,30041.0,14709.0,29738.0
